Patient_ID_clean,133K02,5T4,7SK|ENSG00000232512.2,7SK|ENSG00000249352.3,7SK|ENSG00000254144.2,7SK|ENSG00000260682.2,7SK|ENSG00000271765.1,7SK|ENSG00000271814.1,7SK|ENSG00000271818.1,A-C1,A1BG-AS1,A1BG_x,A1BG_y,A1CF_x,A1CF_y,A2M-AS1,A2ML1_x,A2ML1_y,A2MP1,A2M_x,A2M_y,A3GALT2,A4GALT,A4GNT_x,A4GNT_y,AA,AAAS_x,AAAS_y,AACSP1_x,AACSP1_y,AACS_x,AACS_y,AADACL2_x,AADACL2_y,AADACL3_x,AADACL3_y,AADACL4_x,AADACL4_y,AADACP1,AADAC_x,AADAC_y,AADAT_x,AADAT_y,AAED1,AAGAB_x,AAGAB_y,AAK1,AAMDC,AAMP_x,AAMP_y
TCGA-04-1348,431.8365,331.8096,0.0,0.0,0.0,-1.0,-1.0,-1.0,0.0,97.6069,36.3243,66.4695,-1.0,0.0,-1.0,118.4566,7.5289,0.0,0.0,5899.8279,0.0,0.0,-1.0,0.5378,2.0,4650.9814,2186.0715,0.0,0.0,0.0,1151.1159,0.0,0.0,2.0,4.3022,2.0,0.0,2.0,5.9156,22.5867,2.0,41.9468,-1.0,0.0,1004.5711,0.0,2.0,0.0,4192.2318,2.0
TCGA-04-1357,242.8385,309.8958,1.0,-1.0,2.0,0.0,1.0,0.0,-1.0,5.2083,28.1315,65.5664,0.0,0.0,1.0,111.0026,54.6875,1.0,1.0,9384.4401,1.0,-1.0,-1.0,0.0,1.0,793.6198,1073.5677,1.0,0.0,1.0,249.349,-1.0,0.0,1.0,18.2292,-1.0,0.0,-1.0,27.3438,195.3125,1.0,21.4844,-1.0,-1.0,664.0625,0.0,0.0,1.0,2366.5365,-1.0
TCGA-04-1362,386.5598,1007.1073,-1.0,-1.0,1.0,-1.0,-1.0,-1.0,0.0,90.6827,23.2465,41.6412,-1.0,0.331,1.0,71.3613,5.6263,1.0,1.0,3350.4207,1.0,0.0,-1.0,0.0,1.0,2946.5253,1140.8147,1.0,0.0,1.0,581.1635,0.0,1.6548,1.0,4.9644,1.0,0.0,1.0,29.4553,87.3731,1.0,107.8925,-1.0,1.0,626.8358,-1.0,-1.0,1.0,2612.588,1.0
TCGA-04-1364,334.9785,345.5791,-1.0,0.0,1.0,-1.0,0.0,1.0,0.0,100.4936,114.6008,187.0368,-1.0,0.0,-1.0,67.8607,5.0883,-1.0,-1.0,1455.2316,-1.0,-1.0,-1.0,0.0,1.0,1099.9169,1607.473,0.0,66.1477,-1.0,785.7155,0.0,0.0,1.0,0.0,-1.0,0.424,-1.0,1.2721,2.1201,1.0,210.7397,-1.0,-1.0,1146.1355,1.0,1.0,0.0,3467.2399,1.0
TCGA-04-1365,277.2337,483.9536,-1.0,-1.0,2.0,-1.0,0.0,-1.0,-1.0,46.7078,10.4957,23.9295,-1.0,0.0,0.0,52.1501,3.3148,0.0,0.0,3999.3792,0.0,1.0,-1.0,0.6027,2.0,1815.8807,535.7842,0.0,2.4107,0.0,928.7329,0.0,0.0,2.0,1.5067,1.0,0.3013,1.0,21.9979,287.7806,2.0,43.9958,0.0,0.0,1286.4246,0.0,0.0,1.0,3511.8276,0.0
TCGA-04-1514,316.0622,114.2775,1.0,0.0,-1.0,0.0,-1.0,-1.0,-1.0,24.1796,20.19,32.8123,0.0,0.0,0.0,224.7582,3.7421,0.0,0.0,3224.5797,0.0,-1.0,-1.0,0.8636,-1.0,1656.0161,1846.2867,0.0,178.4686,0.0,1001.7271,0.0,0.0,-1.0,0.0,-1.0,0.0,-1.0,0.0,0.8636,-1.0,357.8008,-1.0,-1.0,847.4381,-1.0,-1.0,2.0,2129.8215,1.0
TCGA-04-1519,209.6128,99.6885,0.0,-1.0,0.0,0.0,-1.0,-1.0,0.0,24.9221,17.2007,46.3418,-1.0,0.0,0.0,182.065,6.2305,0.0,0.0,1986.1593,0.0,1.0,-1.0,0.0,0.0,2156.2083,1518.9141,0.0,2.2252,-1.0,1177.1251,1.0,0.0,0.0,0.0,-1.0,0.0,-1.0,1.7802,99.2434,0.0,122.8304,0.0,-1.0,483.3111,-1.0,0.0,0.0,2931.4642,0.0
TCGA-09-0364,219.5273,556.9489,0.0,-1.0,0.0,1.0,-1.0,0.0,1.0,15.8096,83.0906,162.8522,1.0,0.9034,-1.0,120.2838,278.2486,2.0,2.0,1487.3247,2.0,-1.0,-1.0,1.3551,1.0,2152.3614,1204.69,-1.0,4.9687,0.0,1160.8749,1.0,0.4517,1.0,0.4517,0.0,1.3551,0.0,4.9687,61.4315,1.0,263.7941,-1.0,-1.0,1206.9485,-1.0,1.0,0.0,2619.8869,0.0
TCGA-09-0366,186.274,1134.7018,1.0,-1.0,-1.0,-1.0,0.0,1.0,-1.0,126.2296,65.6758,88.5518,1.0,0.0,-1.0,53.6419,4.7763,1.0,1.0,10557.8325,1.0,1.0,-1.0,2.047,1.0,1313.2427,1406.266,1.0,0.0,0.0,1220.4469,1.0,1.1372,1.0,0.0,1.0,6.5958,1.0,68.9145,95.7525,1.0,2.5018,-1.0,0.0,1172.6844,0.0,1.0,2.0,3120.7142,1.0
TCGA-09-0367,260.934,643.016,-1.0,-1.0,2.0,-2.0,-1.0,-1.0,-1.0,201.6308,55.1265,192.7354,1.0,0.0,-1.0,92.9112,653.6058,2.0,2.0,4603.9013,2.0,1.0,-1.0,2.118,1.0,1103.8865,835.3278,-1.0,0.8472,0.0,666.3137,-1.0,0.4236,1.0,1.2708,-1.0,1.6944,-1.0,32.1932,56.7616,1.0,11.437,-1.0,-1.0,499.4176,-2.0,0.0,2.0,3805.9939,1.0
TCGA-09-0369,172.0606,972.4652,-1.0,-1.0,-1.0,1.0,0.0,-1.0,-1.0,300.0783,77.0925,112.042,2.0,0.5872,-1.0,60.8906,1.1745,1.0,1.0,8957.3144,1.0,-1.0,-1.0,0.0,-1.0,1650.1372,1520.0641,-1.0,14.6809,-1.0,865.2943,1.0,0.0,1.0,0.0,1.0,0.2936,1.0,4.1107,6.166,1.0,328.2657,-1.0,-1.0,1190.3303,1.0,1.0,1.0,2506.9166,-1.0
TCGA-09-1659,262.4199,5258.4135,-1.0,0.0,1.0,-1.0,-1.0,-1.0,-1.0,41.266,58.9383,118.1891,-1.0,0.0,1.0,125.4167,0.0,1.0,1.0,5024.8237,1.0,-1.0,-2.0,0.4006,1.0,1063.7019,986.3782,-1.0,0.0,1.0,698.7179,-1.0,0.0,1.0,2.0032,-1.0,0.4006,-1.0,68.109,79.3269,1.0,46.4744,-1.0,-1.0,854.9679,-1.0,1.0,1.0,3010.4167,0.0
TCGA-09-1662,225.6935,572.0442,-1.0,-1.0,2.0,-1.0,-1.0,-1.0,0.0,28.8177,19.0304,27.8616,0.0,0.0,0.0,58.9442,2.6932,1.0,1.0,5690.8538,1.0,-1.0,-1.0,0.0,0.0,2732.2919,1374.3604,0.0,0.0,-1.0,590.3582,-1.0,0.0,0.0,0.0,-1.0,0.0,-1.0,29.6256,80.5279,0.0,45.2464,-1.0,0.0,960.14,0.0,1.0,1.0,2395.637,0.0
TCGA-09-1666,410.566,1372.4528,0.0,0.0,2.0,-1.0,-1.0,-1.0,-1.0,27.5472,18.9057,18.8792,0.0,0.0,-1.0,95.5396,9.8113,0.0,0.0,12902.1962,0.0,0.0,-1.0,0.7547,0.0,1119.6226,1095.8491,0.0,0.0,1.0,500.0,-1.0,0.0,1.0,0.0,-1.0,0.0,-1.0,14.717,413.9623,1.0,130.1887,-1.0,-1.0,1203.7736,0.0,0.0,0.0,2892.8302,0.0
TCGA-09-1667,378.1905,955.8987,-1.0,-1.0,0.0,-1.0,1.0,-1.0,-1.0,38.7124,53.823,63.0247,-1.0,0.0,-1.0,89.6979,6.3812,1.0,1.0,13678.3063,1.0,1.0,-2.0,0.4254,0.0,1103.9418,935.479,-1.0,0.4254,1.0,587.9181,-1.0,0.0,1.0,0.4254,1.0,0.0,1.0,10.6353,126.3471,1.0,45.519,0.0,-1.0,793.8171,-1.0,0.0,2.0,2667.3275,0.0
TCGA-09-1668,295.431,1762.7885,0.0,-1.0,2.0,-1.0,-1.0,0.0,-1.0,16.2035,26.1479,24.4936,-1.0,0.0,-1.0,84.7518,2.6378,1.0,1.0,4758.5831,1.0,-1.0,-1.0,1.1305,2.0,1780.8761,1080.7348,1.0,0.0,0.0,378.7094,-1.0,0.7537,2.0,5.2756,-1.0,0.0,-1.0,144.3241,305.9821,2.0,243.4291,1.0,1.0,464.2487,-1.0,0.0,1.0,1967.0278,-1.0
TCGA-09-1669,223.6607,89.7321,-1.0,-1.0,2.0,-1.0,0.0,-1.0,0.0,27.6786,111.1607,186.183,1.0,0.0,0.0,69.317,2.2321,0.0,0.0,4723.9866,0.0,-1.0,-1.0,0.4464,0.0,1457.5893,1552.2321,0.0,4.0179,-1.0,526.7857,0.0,1.3393,1.0,1.3393,-1.0,0.0,-1.0,34.375,106.25,1.0,183.4821,-1.0,-1.0,860.7143,1.0,0.0,2.0,2469.1964,-1.0
TCGA-09-1670,356.8152,79.2923,1.0,-1.0,1.0,-1.0,-1.0,-1.0,-1.0,109.1088,40.1802,60.3506,1.0,0.3277,1.0,53.6763,19.0039,1.0,1.0,7313.6239,1.0,1.0,-1.0,1.6383,1.0,2404.325,1266.3827,1.0,0.0,1.0,1314.8755,1.0,0.0,1.0,1.6383,-1.0,0.0,-1.0,11.1402,67.1691,1.0,11.1402,-1.0,-1.0,761.7955,-1.0,1.0,-1.0,3131.3893,1.0
TCGA-09-1673,494.7781,65.7093,1.0,0.0,1.0,-1.0,0.0,1.0,1.0,43.5161,22.2585,47.2193,-1.0,0.0,0.0,157.6501,367.7111,-1.0,-1.0,5142.1758,-1.0,1.0,-1.0,3.4813,0.0,3064.4038,1711.9234,0.0,0.0,1.0,540.0348,0.0,0.4352,0.0,0.0,1.0,4.3516,1.0,4.7868,21.3229,0.0,15.6658,-1.0,-1.0,889.9043,0.0,1.0,1.0,1684.5083,-1.0
TCGA-09-1674,332.4308,339.2828,0.0,-1.0,1.0,-1.0,1.0,1.0,-1.0,103.4426,15.0677,37.7565,-1.0,0.0,1.0,276.6072,18.7876,2.0,2.0,3574.8599,2.0,0.0,-1.0,0.221,1.0,2075.9242,2714.9251,2.0,1.3262,-1.0,464.1653,-1.0,0.0,1.0,0.0,0.0,0.221,0.0,1.5472,10.3885,1.0,215.9474,-1.0,-1.0,1063.8227,-1.0,1.0,0.0,1963.1983,-1.0
TCGA-09-2044,266.4498,473.4585,0.0,-1.0,-1.0,-1.0,2.0,-1.0,-1.0,58.8496,111.9917,690.0695,0.0,0.0,-1.0,53.8548,16.265,2.0,2.0,5524.1431,2.0,0.0,-1.0,0.0,2.0,2547.9817,784.5631,-1.0,1.4786,-1.0,449.8004,-1.0,3.253,1.0,0.2957,-1.0,1.1829,-1.0,20.9966,187.4908,1.0,132.4856,0.0,-1.0,1134.7035,-1.0,0.0,1.0,3590.1227,1.0
TCGA-09-2045,284.6947,1412.3711,0.0,-1.0,2.0,0.0,-1.0,1.0,0.0,49.1673,17.954,12.3711,0.0,0.0,0.0,50.1507,65.0278,0.0,0.0,4413.7669,0.0,0.0,-1.0,0.0,0.0,1230.7692,882.6328,0.0,0.0,0.0,1322.7597,0.0,7.1372,1.0,0.0,0.0,1.586,0.0,30.1348,76.1301,1.0,22.2046,-1.0,0.0,834.2585,0.0,0.0,0.0,2018.2395,0.0
TCGA-09-2048,426.8432,340.6833,0.0,0.0,-1.0,-1.0,0.0,1.0,-1.0,389.9175,0.6858,64.1803,-1.0,0.0,0.0,123.934,7.4731,1.0,1.0,1431.3402,1.0,1.0,-1.0,0.0,1.0,1349.9851,1803.6433,0.0,3.9563,1.0,348.5959,1.0,0.0,1.0,0.0,-1.0,0.0,-1.0,2.198,45.7175,1.0,140.6692,-1.0,-1.0,1783.8617,0.0,0.0,2.0,2824.8141,0.0
TCGA-09-2051,255.4823,1900.2996,1.0,0.0,2.0,-1.0,1.0,1.0,-1.0,235.1108,39.317,43.1396,0.0,0.0,0.0,68.58,17.0162,1.0,2.0,5052.5704,1.0,1.0,-1.0,1.9173,1.0,1544.8772,752.7861,0.0,0.0,0.0,608.9874,-1.0,0.0,1.0,0.9587,1.0,0.2397,1.0,5.7519,63.7507,1.0,93.9485,-1.0,0.0,801.6777,-1.0,1.0,1.0,2217.3757,0.0
TCGA-09-2054,320.028,146.3585,0.0,-1.0,0.0,-1.0,0.0,-1.0,-1.0,8.4034,34.888,47.619,-1.0,0.0,0.0,231.9958,4.2017,0.0,0.0,6511.7017,0.0,0.0,-1.0,0.0,0.0,3852.9412,2100.8403,0.0,0.7003,-1.0,497.8992,0.0,0.0,0.0,0.0,0.0,0.0,0.0,7.0028,18.2073,0.0,203.7815,-1.0,-1.0,1039.916,-1.0,1.0,0.0,1289.2157,-1.0
TCGA-09-2056,352.192,697.7388,-1.0,0.0,1.0,0.0,-1.0,-1.0,0.0,63.1287,18.8611,152.0849,-1.0,0.0,0.0,188.3673,14.0286,1.0,1.0,4322.5695,1.0,-1.0,-1.0,1.1075,0.0,1262.2058,1061.006,0.0,0.0,0.0,1100.1384,0.0,0.0,0.0,2.215,-1.0,0.0,-1.0,74.9423,256.5759,0.0,16.2437,-1.0,-1.0,1417.2589,0.0,0.0,0.0,2518.874,0.0
TCGA-10-0928,313.7014,386.2833,1.0,-1.0,1.0,-1.0,1.0,1.0,-1.0,107.0275,1.2548,17.8379,-1.0,0.0,1.0,66.2402,20.9134,1.0,1.0,4734.0058,1.0,-1.0,-1.0,1.2302,0.0,1556.8199,1484.238,0.0,0.0,0.0,562.2021,-1.0,0.6151,0.0,0.0,-1.0,0.0,-1.0,1.8453,17.2228,0.0,115.0238,-1.0,0.0,990.3122,0.0,-1.0,0.0,3272.3358,0.0
TCGA-10-0936,364.3235,178.3825,1.0,1.0,2.0,-1.0,1.0,-1.0,-1.0,97.2537,87.1303,182.2424,-1.0,0.0,0.0,138.9267,1.0078,-1.0,-1.0,1761.804,-1.0,0.0,0.0,0.0,1.0,1428.0675,2369.3626,1.0,5.0391,1.0,446.964,1.0,0.0,1.0,2.0156,0.0,0.5039,0.0,8.0625,2.0156,1.0,62.9882,1.0,-1.0,515.999,-1.0,0.0,1.0,4137.0622,0.0
TCGA-13-0730,154.4118,1647.0588,-1.0,-1.0,0.0,-1.0,0.0,0.0,-1.0,145.4248,58.2925,187.0507,-1.0,0.0,1.0,160.9395,31.8627,2.0,2.0,2669.1258,2.0,0.0,-1.0,0.817,1.0,984.4771,1183.8235,0.0,8.1699,-1.0,734.4771,0.0,0.817,1.0,0.0,1.0,0.817,1.0,5.719,26.9608,1.0,156.8627,-1.0,-1.0,1143.7908,-1.0,0.0,-1.0,3476.3072,1.0
TCGA-13-0799,333.3333,758.3989,0.0,-1.0,0.0,1.0,-1.0,-1.0,-1.0,108.1725,50.4813,263.6836,-1.0,0.0,0.0,171.6226,121.9919,0.0,0.0,1118.5847,0.0,0.0,-1.0,4.2888,0.0,1473.9099,1586.6095,0.0,0.0,0.0,712.8902,0.0,0.0,0.0,0.0,-1.0,0.0,-1.0,7.3862,3.8122,0.0,395.9971,0.0,0.0,1206.3379,2.0,0.0,0.0,1542.2921,-1.0
TCGA-13-0800,290.2193,2124.4813,-1.0,-1.0,1.0,0.0,-1.0,1.0,-1.0,33.6692,5.1073,6.639,-1.0,0.0,-1.0,190.1269,82.0391,1.0,1.0,2332.2205,1.0,0.0,-1.0,0.0,1.0,1043.2721,2363.4855,1.0,0.4742,-1.0,1126.7338,1.0,0.0,1.0,0.9484,0.0,0.4742,0.0,4.2679,124.7184,1.0,268.4055,0.0,-1.0,1370.4801,1.0,1.0,0.0,3008.8915,1.0
TCGA-13-0801,219.085,420.1307,0.0,-1.0,2.0,-1.0,-1.0,-1.0,0.0,129.6732,71.7098,79.3595,0.0,0.0,0.0,40.6954,896.9935,0.0,0.0,5802.4418,0.0,0.0,-1.0,0.0,1.0,682.6144,1247.0588,1.0,0.2614,-1.0,579.6078,-1.0,0.0,1.0,0.0,1.0,0.0,1.0,6.0131,7.3203,1.0,8.8889,-1.0,1.0,720.2614,-1.0,1.0,0.0,2220.6536,-1.0
TCGA-13-0890,185.5258,460.8823,1.0,-1.0,1.0,-1.0,-1.0,1.0,-1.0,72.7709,52.3551,173.1174,0.0,0.0,1.0,35.4338,52.7789,-1.0,-1.0,6851.678,-1.0,1.0,-1.0,0.0,1.0,1421.2981,1560.1759,1.0,1.8659,1.0,945.2219,1.0,0.5331,1.0,1.3328,-1.0,0.5331,-1.0,9.3296,105.5578,1.0,154.3383,-1.0,0.0,1606.0243,1.0,1.0,1.0,1932.8269,-1.0
TCGA-13-0893,266.9979,511.7459,0.0,-2.0,1.0,-1.0,-1.0,0.0,-1.0,84.9539,108.6358,205.2526,1.0,0.4045,0.0,60.2647,317.9702,1.0,1.0,17311.5865,1.0,1.0,0.0,0.0,1.0,2170.7734,1256.5081,1.0,0.0,-1.0,357.2108,-1.0,16.9908,1.0,2.0227,-1.0,3.2363,-1.0,33.577,154.9397,1.0,18.6089,-1.0,1.0,800.589,0.0,0.0,1.0,1809.5173,-1.0
TCGA-13-0897,297.7135,1871.6752,0.0,-1.0,2.0,-1.0,-1.0,1.0,-1.0,242.6505,78.7308,142.7065,-1.0,0.0,0.0,39.412,13.0658,0.0,0.0,4753.8684,0.0,0.0,-1.0,0.4666,1.0,1151.1899,922.0719,0.0,0.0,1.0,220.252,-1.0,0.0,1.0,2.3332,-1.0,0.0,-1.0,6.5329,60.6626,1.0,81.1946,0.0,0.0,754.5497,-1.0,0.0,1.0,2176.8549,0.0
TCGA-13-0899,107.6618,417.8776,-1.0,-1.0,1.0,-1.0,-1.0,0.0,-1.0,70.6737,34.5839,49.0357,-1.0,0.0,-1.0,183.1924,166.2263,1.0,1.0,8664.2316,1.0,0.0,-1.0,0.0,1.0,1123.2937,1706.9573,0.0,0.0,-1.0,1164.2448,0.0,0.0,1.0,0.0,0.0,0.4403,0.0,21.3562,64.509,1.0,60.9863,-1.0,-1.0,1119.1105,-1.0,1.0,2.0,3602.8181,0.0
TCGA-13-0913,472.3856,405.2137,-1.0,-1.0,2.0,0.0,-1.0,-1.0,0.0,142.8312,70.0552,294.3607,0.0,0.0,0.0,414.2176,11.8824,0.0,0.0,6301.9994,0.0,0.0,-1.0,2.91,0.0,918.0964,3124.3407,0.0,0.485,-1.0,417.3386,-1.0,0.2425,0.0,0.485,-1.0,0.0,-1.0,60.6244,69.1119,0.0,137.2537,-1.0,-1.0,1478.5086,-1.0,1.0,0.0,5061.655,0.0
TCGA-13-0916,137.1511,576.8309,-1.0,-1.0,2.0,-1.0,0.0,1.0,-1.0,159.0446,93.8291,176.1089,0.0,0.0,-1.0,79.0193,108.5629,0.0,0.0,9928.4896,0.0,0.0,-1.0,1.6284,0.0,2722.2147,1924.0964,0.0,0.1809,-1.0,1220.066,0.0,0.1809,0.0,0.0,-1.0,1.8094,-1.0,4.7044,53.9196,0.0,69.2993,-1.0,-1.0,1763.6043,0.0,-1.0,0.0,1755.2811,-1.0
TCGA-13-0920,239.905,262.0744,-1.0,-2.0,1.0,-1.0,-1.0,1.0,-1.0,87.886,5.4711,43.5471,1.0,0.0,2.0,164.6873,0.7918,1.0,1.0,2638.9549,1.0,1.0,-1.0,0.0,1.0,694.3785,1507.5218,-1.0,38.0048,1.0,346.0016,-1.0,0.0,1.0,10.293,0.0,0.7918,0.0,23.753,179.7308,1.0,41.1718,-2.0,-1.0,1120.3484,-1.0,1.0,2.0,3004.7506,1.0
TCGA-13-0924,274.5098,1158.8235,0.0,-1.0,2.0,-1.0,1.0,-1.0,-1.0,170.5882,61.0719,271.8627,0.0,0.0,0.0,59.7647,9.8039,0.0,0.0,13289.9085,0.0,0.0,-1.0,0.0,0.0,835.2941,1212.4183,0.0,0.0,0.0,864.0523,0.0,0.0,0.0,1.9608,-1.0,0.0,-1.0,3.268,28.7582,0.0,98.0392,0.0,-1.0,1173.2026,0.0,0.0,0.0,2290.1961,-1.0
TCGA-13-1403,391.5319,877.7355,0.0,-1.0,2.0,-1.0,0.0,0.0,1.0,98.0019,56.294,71.8363,-1.0,0.0,0.0,34.9191,1.4272,-1.0,-1.0,3259.0866,-1.0,0.0,1.0,0.9515,1.0,1134.1579,1229.7812,0.0,0.0,0.0,745.9562,0.0,0.9515,2.0,0.0,1.0,6.1846,1.0,14.2721,32.8259,2.0,49.001,-1.0,-1.0,958.6108,0.0,1.0,1.0,2662.2265,0.0
TCGA-13-1405,238.503,1010.4662,0.0,-1.0,0.0,-1.0,-1.0,-1.0,0.0,101.4906,147.45,270.7358,2.0,0.0,0.0,37.7799,0.6343,-1.0,-1.0,8333.9296,-1.0,1.0,-1.0,1.5858,0.0,2595.3061,858.2303,1.0,0.0,-1.0,764.3514,-1.0,0.0,1.0,0.3172,1.0,0.0,1.0,2.8544,12.052,1.0,53.5997,0.0,0.0,523.6283,-1.0,0.0,0.0,3653.346,2.0
TCGA-13-1410,298.4526,708.3633,1.0,-1.0,1.0,-1.0,-1.0,0.0,0.0,111.1224,133.4845,287.3001,1.0,0.0,1.0,31.6716,3.6929,-1.0,-1.0,5060.487,-1.0,1.0,-1.0,0.3357,1.0,2883.8108,913.4865,0.0,0.0,0.0,701.9847,-1.0,0.3357,1.0,0.0,-1.0,0.0,-1.0,0.6714,34.5789,1.0,144.0227,0.0,-1.0,629.4698,-1.0,0.0,1.0,2725.688,1.0
TCGA-13-1411,215.311,973.6842,-1.0,-1.0,1.0,-1.0,-1.0,0.0,0.0,38.2775,61.7738,78.5783,-1.0,0.0,1.0,67.4129,3.0759,2.0,2.0,6196.4286,2.0,0.0,-1.0,0.0,1.0,2439.5079,887.9016,-1.0,62.201,1.0,820.9159,-1.0,3.4176,1.0,0.3418,0.0,0.0,0.0,10.5947,42.0369,1.0,87.4915,0.0,-1.0,814.0807,-1.0,0.0,2.0,3426.5208,1.0
TCGA-13-1481,248.9444,576.6891,0.0,-1.0,1.0,-2.0,-1.0,-1.0,-1.0,102.6011,85.1429,205.4821,-1.0,0.0,1.0,72.6217,3.538,1.0,1.0,3833.6189,1.0,1.0,-1.0,1.2865,1.0,1759.9793,1301.6513,1.0,0.3216,0.0,455.4332,1.0,3.8596,1.0,0.6433,-1.0,0.0,-1.0,6.7543,54.0345,1.0,146.3433,-2.0,0.0,682.5066,-1.0,0.0,2.0,1799.5402,0.0
TCGA-13-1489,250.9667,1044.8569,0.0,-1.0,0.0,-1.0,1.0,-1.0,-1.0,297.7572,20.1972,57.5135,-1.0,0.0,-1.0,58.8824,0.3867,1.0,1.0,2100.8237,1.0,0.0,1.0,3.4803,0.0,1381.6705,711.9103,-1.0,0.7734,1.0,498.4532,-1.0,1.5468,1.0,118.7162,-1.0,0.0,-1.0,43.3101,144.2382,1.0,33.256,-1.0,-1.0,1987.6257,1.0,0.0,2.0,3748.2599,1.0
TCGA-13-1497,291.8032,253.4731,-1.0,-1.0,1.0,-1.0,1.0,2.0,-1.0,73.7751,60.2524,93.2781,2.0,0.0,0.0,36.7886,10.3038,-1.0,-1.0,3932.2299,-1.0,-1.0,-1.0,0.4122,0.0,1425.6319,1686.1116,0.0,0.0,0.0,680.4621,1.0,0.0,2.0,0.0,-1.0,0.8243,-1.0,50.2825,37.9179,2.0,40.803,-1.0,-1.0,1489.5154,1.0,1.0,1.0,2525.6642,-1.0
TCGA-13-1498,320.3133,808.6148,0.0,0.0,1.0,-1.0,2.0,-1.0,0.0,52.0803,49.163,162.1145,-1.0,0.0,-1.0,102.7313,24.278,2.0,2.0,4005.3451,2.0,0.0,-1.0,1.5663,2.0,1875.2814,1285.952,0.0,0.0,2.0,376.3093,0.0,0.0,2.0,1.9579,-1.0,0.0,0.0,36.417,210.6706,2.0,18.0127,0.0,-1.0,697.7974,0.0,0.0,0.0,3185.5115,2.0
TCGA-13-1505,230.3992,450.6975,2.0,-2.0,1.0,-1.0,-1.0,-1.0,-1.0,78.8841,76.6955,134.2665,-1.0,0.0,0.0,135.6758,124.0981,2.0,2.0,13876.8302,2.0,-1.0,-1.0,0.962,-1.0,1424.7234,1674.8437,1.0,114.4781,-1.0,733.5257,1.0,0.481,-1.0,0.0,0.0,0.0,0.0,4.329,108.2251,-1.0,70.2261,-1.0,0.0,1042.328,-1.0,1.0,0.0,2630.1106,0.0
TCGA-13-1506,189.9493,153.0659,1.0,0.0,1.0,-1.0,-1.0,0.0,1.0,4.3031,65.3143,186.8757,0.0,0.0,-1.0,122.4958,9.8356,2.0,2.0,2931.4461,2.0,1.0,-1.0,0.0,1.0,2343.9373,1948.6707,1.0,0.6147,0.0,1062.2407,1.0,0.6147,1.0,28.2772,0.0,0.0,0.0,7.3767,31.9656,1.0,163.5162,0.0,0.0,872.2914,-1.0,1.0,1.0,3465.1913,0.0
TCGA-13-1507,319.2612,803.6939,-1.0,0.0,2.0,-1.0,-1.0,1.0,0.0,205.277,140.8391,724.0,0.0,0.0,-1.0,41.2454,7.3879,-1.0,-1.0,3105.9842,-1.0,1.0,-1.0,0.0,1.0,768.3377,497.6253,-1.0,0.0,0.0,442.2164,-1.0,1.0554,1.0,0.0,1.0,0.0,1.0,15.8311,19.5251,1.0,36.9393,0.0,-1.0,911.8734,-1.0,-1.0,0.0,2093.4037,0.0
TCGA-13-1511,285.4875,973.0073,2.0,0.0,2.0,-1.0,0.0,-1.0,-1.0,124.8015,100.9019,120.1016,0.0,0.0,0.0,21.41,132.1054,0.0,0.0,3203.7409,0.0,2.0,0.0,0.0,0.0,4296.6021,1117.1801,0.0,0.3176,0.0,1387.107,0.0,0.0,0.0,0.0,0.0,0.3176,0.0,16.1956,19.6888,0.0,24.7698,-1.0,0.0,743.7282,0.0,0.0,0.0,2374.087,0.0
TCGA-13-1512,206.1856,407.2165,0.0,-1.0,2.0,-1.0,-1.0,-1.0,0.0,39.8313,13.6129,116.7948,0.0,0.0,0.0,44.5876,1.8744,-1.0,-1.0,4199.5548,-1.0,0.0,-1.0,0.0,-1.0,2584.3486,1106.8416,-1.0,2.343,0.0,279.2877,-1.0,0.4686,-1.0,24.836,0.0,0.0,0.0,46.8604,103.0928,-1.0,116.2137,-1.0,0.0,692.5961,-1.0,-1.0,0.0,2296.6261,0.0
TCGA-13-2060,442.1892,539.2641,0.0,-1.0,1.0,-1.0,0.0,1.0,-1.0,70.8684,81.8456,222.1982,-1.0,1.1073,-1.0,135.1445,14.7642,1.0,1.0,4258.3263,1.0,0.0,-1.0,0.0,1.0,2060.3507,1937.0692,1.0,2.5837,-1.0,757.775,1.0,0.7382,1.0,0.0,0.0,0.0,0.0,74.9286,158.3466,1.0,26.5756,1.0,-1.0,968.9037,0.0,1.0,1.0,4419.6774,1.0
TCGA-13-A5FT,234.3279,385.7045,0.0,-1.0,2.0,-1.0,-1.0,-1.0,-1.0,79.1287,25.1988,52.0223,0.0,0.0,0.0,52.4275,0.7645,0.0,0.0,5511.8086,0.0,2.0,-1.0,2.2936,2.0,1545.1115,1995.0363,2.0,0.0,0.0,812.6935,2.0,0.7645,2.0,0.0,-1.0,0.7645,-1.0,19.8777,59.2509,2.0,58.4864,-1.0,-1.0,1667.0537,-1.0,0.0,0.0,2924.7026,0.0
TCGA-20-1682,277.4498,845.3365,-1.0,-1.0,2.0,-1.0,0.0,-1.0,-1.0,19.4805,30.4191,39.4746,-1.0,0.0,1.0,48.5832,2867.1783,1.0,1.0,15218.2409,1.0,-1.0,-1.0,0.0,1.0,1445.6907,1012.3967,1.0,1.771,-1.0,638.1346,0.0,3.5419,1.0,21.8418,-1.0,0.0,-1.0,8.2645,1670.6021,1.0,453.3648,1.0,-1.0,684.7698,-1.0,-1.0,0.0,1294.5691,-1.0
TCGA-20-1683,578.2999,631.6517,1.0,0.0,1.0,-1.0,-1.0,-1.0,0.0,46.4409,184.0,266.9993,1.0,0.0,0.0,197.0173,36.7657,-1.0,-1.0,3071.8148,-1.0,0.0,-1.0,1.935,2.0,3858.4658,765.9986,0.0,1.6586,0.0,618.1064,0.0,0.0,2.0,0.0,0.0,0.0,0.0,15.4803,10.7809,2.0,87.6296,-1.0,0.0,1139.461,0.0,0.0,1.0,1870.076,0.0
TCGA-20-1684,407.2277,748.9692,-1.0,-1.0,2.0,2.0,0.0,-1.0,0.0,82.4642,17.6328,52.2338,-1.0,0.0,-1.0,209.2627,28.1349,2.0,2.0,6608.1033,2.0,0.0,-1.0,0.9702,-1.0,3154.9842,1740.7228,0.0,0.0,-1.0,688.5763,0.0,0.0,2.0,0.2425,2.0,0.0,2.0,26.1945,133.8831,2.0,77.6134,-1.0,-1.0,878.7291,-1.0,0.0,2.0,3460.587,1.0
TCGA-20-1685,381.7456,55.758,-1.0,-1.0,2.0,-1.0,0.0,-1.0,-1.0,21.5166,29.3551,36.8627,1.0,0.0,1.0,64.5081,4.8586,1.0,1.0,7914.4381,1.0,1.0,-1.0,0.2314,0.0,2010.5269,1801.1452,1.0,0.2314,0.0,602.0013,-1.0,0.2314,0.0,7.1722,-1.0,0.0,-1.0,2.3136,34.9355,0.0,20.5911,-2.0,-1.0,1403.4357,1.0,0.0,1.0,4051.5935,1.0
TCGA-20-1687,403.2529,614.1335,-1.0,-1.0,2.0,-1.0,-1.0,-1.0,-1.0,34.7729,29.0746,40.3589,-1.0,0.0,1.0,64.0718,370.7235,1.0,1.0,5131.1049,1.0,-1.0,-1.0,0.0,1.0,1309.0297,702.7482,-1.0,0.0,0.0,257.9921,-1.0,1.6826,1.0,11.217,0.0,0.5609,0.0,2.8043,2.8043,1.0,7.8519,-1.0,0.0,690.9703,1.0,1.0,-1.0,2447.5603,-1.0
TCGA-23-1023,234.8036,1229.7564,0.0,-1.0,2.0,-1.0,0.0,-1.0,-1.0,30.0636,118.2642,255.0889,0.0,7.461,0.0,37.6015,33.7942,0.0,0.0,3620.2875,0.0,-1.0,0.0,0.0,0.0,1170.5069,577.573,-1.0,1.3167,0.0,914.8563,0.0,0.0,1.0,0.0,-1.0,0.0,-1.0,5.2666,21.5054,1.0,140.4433,0.0,0.0,1291.6392,0.0,0.0,0.0,8356.1554,0.0
TCGA-23-1026,305.6206,1108.3138,0.0,-2.0,2.0,-1.0,-1.0,1.0,0.0,159.8361,77.5995,227.6756,0.0,0.0,0.0,35.2342,4.0984,0.0,0.0,11904.4614,0.0,1.0,0.0,0.0,0.0,1033.9578,1159.8361,0.0,0.0,-1.0,429.1569,-1.0,0.0,1.0,29.8595,1.0,0.0,1.0,2.9274,32.7869,1.0,24.0047,0.0,0.0,666.2763,-1.0,1.0,0.0,2337.822,0.0
TCGA-23-1027,274.599,732.9866,0.0,-1.0,2.0,-1.0,-1.0,-1.0,-1.0,47.681,32.3992,43.1296,0.0,0.0,0.0,46.1075,34.8938,2.0,2.0,5914.8808,2.0,-1.0,-1.0,1.5171,0.0,531.8596,1463.1556,0.0,0.0,0.0,850.2384,-1.0,0.2167,0.0,0.6502,0.0,0.0,0.0,9.3195,58.5176,0.0,66.9701,-1.0,0.0,998.0494,0.0,0.0,2.0,3340.4855,0.0
TCGA-23-1029,293.6114,145.6471,0.0,-1.0,2.0,-1.0,-1.0,-1.0,-1.0,59.9139,40.8573,48.805,0.0,0.0,0.0,78.9705,113.5386,0.0,0.0,2944.8626,0.0,2.0,-1.0,0.331,1.0,2683.5485,1074.8097,0.0,8.6064,1.0,1549.1559,0.0,0.0,1.0,0.0,-1.0,0.331,-1.0,95.6637,91.6915,1.0,89.3744,-1.0,-1.0,1046.3423,0.0,1.0,1.0,2571.003,0.0
TCGA-23-1109,233.2389,597.2616,-1.0,-1.0,2.0,-1.0,-1.0,-1.0,1.0,118.508,72.0302,337.9934,0.0,0.0,0.0,61.7705,2.3607,0.0,0.0,4945.3116,0.0,1.0,-1.0,0.9443,2.0,3871.1048,1298.8669,0.0,0.0,-2.0,474.5042,0.0,0.9443,2.0,0.4721,1.0,0.4721,1.0,145.4202,101.983,2.0,153.4466,0.0,0.0,525.0236,-1.0,0.0,1.0,1876.2984,-1.0
TCGA-23-1111,300.2805,2841.2845,0.0,1.0,1.0,-1.0,1.0,-1.0,0.0,43.6838,83.1902,128.9958,1.0,0.0,0.0,72.416,0.7342,1.0,1.0,4863.1228,1.0,0.0,-2.0,0.3671,0.0,3951.0007,2004.317,2.0,7.3418,1.0,741.1568,1.0,0.7342,0.0,0.0,1.0,2.5696,1.0,13.5824,9.1773,0.0,78.5575,-1.0,-1.0,937.5505,0.0,1.0,1.0,2696.2836,1.0
TCGA-23-1114,192.8179,821.927,-1.0,-1.0,0.0,-1.0,1.0,-1.0,-2.0,66.6692,51.685,89.2616,0.0,0.0,-1.0,141.1884,15.3601,1.0,1.0,5882.5723,1.0,1.0,-1.0,0.3268,1.0,2537.6791,1373.5822,1.0,0.9804,-1.0,557.2109,1.0,0.3268,1.0,1.634,1.0,1.3072,1.0,13.0724,37.5831,1.0,139.221,-1.0,-1.0,768.0033,-1.0,1.0,-1.0,1293.5137,-1.0
TCGA-23-1120,461.904,371.3681,0.0,0.0,1.0,-1.0,-1.0,1.0,-1.0,53.6383,198.9091,337.9484,2.0,0.0,0.0,87.2766,1.0249,-1.0,-1.0,3483.9384,-1.0,-1.0,1.0,0.3416,2.0,2507.3326,815.1649,-1.0,108.3015,1.0,385.3755,-1.0,1.0249,1.0,0.6833,-1.0,0.0,-1.0,45.4388,99.7603,1.0,88.8277,0.0,0.0,822.6811,0.0,0.0,0.0,2132.548,0.0
TCGA-23-1122,273.2578,821.8332,0.0,-1.0,2.0,-1.0,1.0,1.0,-1.0,25.7467,108.184,129.8043,-1.0,0.0,0.0,84.4044,23.6869,1.0,1.0,12059.0903,1.0,1.0,-1.0,2.7463,2.0,2350.8411,1220.3913,1.0,23.6869,1.0,477.5146,-1.0,0.0,2.0,2.7463,1.0,0.6866,1.0,22.3138,40.1648,2.0,38.105,-1.0,1.0,684.5177,-1.0,1.0,-1.0,2548.5754,1.0
TCGA-23-1123,168.5783,65.084,0.0,-2.0,1.0,-1.0,-1.0,-1.0,-1.0,58.1488,52.0299,58.0075,-2.0,0.0,-1.0,205.0413,91.2243,1.0,1.0,6220.4054,1.0,1.0,-2.0,1.067,1.0,1773.2729,1292.6114,0.0,0.0,-2.0,646.5724,0.0,0.0,1.0,0.0,1.0,0.0,1.0,1.8672,15.7375,1.0,15.4708,-1.0,-1.0,744.4652,-1.0,0.0,0.0,2726.5938,1.0
TCGA-23-1809,358.3258,202.0476,0.0,0.0,0.0,0.0,0.0,1.0,-1.0,23.788,163.7097,206.3806,1.0,0.0,0.0,38.1512,187.8952,1.0,1.0,3087.4134,1.0,1.0,0.0,0.9033,1.0,3037.037,697.3803,0.0,2.71,0.0,1689.5513,1.0,0.0,1.0,0.9033,1.0,0.0,1.0,1.8067,9.0334,1.0,80.0964,-1.0,1.0,947.9073,-1.0,0.0,0.0,2477.567,1.0
TCGA-23-2077,425.3812,374.1256,1.0,-1.0,2.0,-1.0,-1.0,-1.0,-1.0,167.0852,59.9408,102.5153,1.0,0.0,1.0,142.2565,5.2466,0.0,0.0,13371.8706,0.0,1.0,-1.0,0.0,2.0,1835.5159,896.7714,-1.0,0.0,2.0,415.6951,-1.0,1.6143,2.0,3.2287,2.0,0.0,2.0,14.9327,152.5561,2.0,24.2152,-2.0,-1.0,476.2332,-1.0,1.0,0.0,3371.9735,1.0
TCGA-23-2078,486.6875,694.9279,1.0,0.0,2.0,-1.0,-1.0,0.0,0.0,16.3617,42.014,54.3418,0.0,0.2975,0.0,67.3836,27.6662,-1.0,-1.0,5182.3561,-1.0,0.0,-1.0,1.4874,1.0,3105.1614,1424.3641,0.0,3.5698,0.0,475.0855,-1.0,0.0,1.0,0.8925,0.0,1.1899,0.0,23.2039,93.7082,1.0,159.7501,2.0,0.0,943.9238,0.0,1.0,0.0,2318.3103,0.0
TCGA-23-2081,260.3608,2562.4419,0.0,-1.0,2.0,-1.0,0.0,-1.0,-1.0,48.2788,33.5538,41.0435,-1.0,0.0,0.0,108.2135,23.4928,0.0,0.0,4034.2823,0.0,0.0,-1.0,0.4311,0.0,2552.743,891.6496,0.0,0.2155,0.0,682.3695,0.0,0.6466,0.0,1.2932,0.0,1.2932,0.0,17.889,50.4341,0.0,32.5451,-1.0,0.0,1166.0199,0.0,-1.0,0.0,2375.3614,-1.0
TCGA-23-2084,325.3286,102.3761,0.0,-1.0,2.0,-1.0,-1.0,2.0,-1.0,79.8787,87.3509,58.6754,2.0,0.0,1.0,25.594,2.0222,0.0,0.0,8604.588,0.0,1.0,-1.0,0.2528,1.0,2594.0344,870.3236,0.0,0.0,1.0,1318.2508,1.0,0.0,1.0,4.8028,2.0,0.0,2.0,1.5167,26.542,1.0,19.7169,-1.0,1.0,724.9747,-1.0,1.0,1.0,1544.9949,-1.0
TCGA-24-0975,315.9105,1467.7831,-1.0,-1.0,1.0,-1.0,-1.0,-1.0,-1.0,76.6683,28.3904,65.1219,0.0,0.0,0.0,41.6087,20.3217,0.0,0.0,6200.3954,0.0,-1.0,-1.0,0.4619,1.0,1787.8504,1511.6596,0.0,1.3856,0.0,405.9727,-1.0,0.0,0.0,5.5423,-1.0,0.0,-1.0,1.8474,10.1609,0.0,101.6086,0.0,-1.0,841.9662,0.0,0.0,1.0,2543.4492,0.0
TCGA-24-1103,347.1219,1385.2129,-1.0,-1.0,1.0,-1.0,-1.0,-1.0,-1.0,136.6032,4.8981,7.9529,0.0,0.0,0.0,86.1957,329.3448,0.0,0.0,6094.165,0.0,-1.0,-1.0,0.0,0.0,702.1968,982.8883,0.0,622.1997,0.0,2157.5826,1.0,0.0,0.0,0.0,-1.0,0.0,-1.0,28.537,168.4149,0.0,85.6109,-1.0,0.0,1325.7999,0.0,0.0,1.0,3762.6706,1.0
TCGA-24-1413,237.5095,568.99,-1.0,0.0,2.0,-1.0,-1.0,-1.0,-1.0,30.4632,29.4305,45.6844,-1.0,0.0,0.0,75.9101,1.0326,0.0,0.0,5075.9798,0.0,-1.0,-1.0,1.0326,1.0,930.9338,1071.8905,0.0,0.0,0.0,526.1351,0.0,0.0,1.0,3.0979,-1.0,0.5163,-1.0,150.7669,252.4829,1.0,59.3774,-1.0,-1.0,1031.6172,1.0,-1.0,0.0,1697.6763,-1.0
TCGA-24-1416,364.5443,318.3521,0.0,0.0,2.0,-1.0,-1.0,-1.0,0.0,123.5955,91.3608,78.5955,0.0,0.0,-1.0,51.4482,1192.2597,0.0,0.0,4339.3134,0.0,0.0,-1.0,0.0,0.0,2424.4694,1296.5044,0.0,0.6242,0.0,836.4544,0.0,0.6242,0.0,5.618,0.0,0.0,0.0,29.9625,36.2047,0.0,40.5743,-1.0,0.0,891.3858,0.0,0.0,0.0,2084.2697,0.0
TCGA-24-1417,383.5709,607.2362,0.0,-1.0,1.0,-1.0,-1.0,0.0,-1.0,63.0851,199.7132,140.3492,1.0,0.0,-1.0,31.4717,2.0241,-1.0,-1.0,8887.1418,-1.0,-1.0,-1.0,0.0,1.0,1928.6497,1022.181,0.0,0.3374,1.0,528.6329,0.0,0.0,1.0,1.3494,-1.0,1.3494,-1.0,13.4941,62.4104,1.0,56.338,0.0,-1.0,623.4292,-1.0,0.0,1.0,1877.0347,0.0
TCGA-24-1418,209.5736,964.1995,-1.0,-1.0,2.0,-1.0,0.0,0.0,1.0,49.4771,59.9276,117.8077,0.0,0.0,-1.0,50.3218,30.5712,1.0,1.0,4433.1858,1.0,1.0,-1.0,0.0,1.0,2408.6887,1724.8592,1.0,1.609,0.0,722.8479,1.0,0.0,2.0,1.2068,1.0,0.0,1.0,4.4248,20.9171,2.0,74.0145,-1.0,-1.0,758.2462,-1.0,1.0,1.0,2261.0619,1.0
TCGA-24-1419,154.0845,139.7183,0.0,-1.0,1.0,-1.0,0.0,-1.0,-1.0,151.5493,72.6423,130.938,0.0,0.0,0.0,18.9746,6.4789,0.0,0.0,1929.1944,0.0,0.0,-1.0,0.0,0.0,2007.6056,1770.4225,1.0,6.7606,-1.0,1522.5352,1.0,7.6056,1.0,0.0,0.0,1.9718,0.0,10.9859,204.7887,1.0,30.1408,-1.0,-1.0,1525.3521,1.0,0.0,0.0,2412.6761,0.0
TCGA-24-1423,173.9645,422.7811,0.0,-1.0,2.0,0.0,0.0,1.0,0.0,61.8343,40.7396,46.8935,0.0,0.0,0.0,131.1479,43.1953,0.0,0.0,6254.6509,0.0,-1.0,-1.0,0.0,1.0,2522.1893,859.1716,0.0,0.0,-1.0,843.4911,0.0,0.2959,1.0,0.8876,-1.0,0.2959,-1.0,38.7574,226.9231,1.0,17.1598,-1.0,0.0,1102.071,0.0,2.0,1.0,1667.1598,-1.0
TCGA-24-1424,216.1756,911.9062,1.0,-1.0,-1.0,0.0,-1.0,-1.0,-1.0,42.6939,25.1263,57.0475,-1.0,0.3007,1.0,177.1678,69.4528,1.0,1.0,5646.344,1.0,1.0,-1.0,0.3007,1.0,2062.8382,1363.8004,1.0,0.3007,-1.0,565.8449,1.0,0.0,1.0,0.3007,1.0,0.0,1.0,0.902,30.3668,1.0,247.745,0.0,-1.0,1076.0673,-1.0,1.0,0.0,1994.5881,0.0
TCGA-24-1425,328.576,1499.5243,-1.0,-1.0,2.0,-1.0,-1.0,1.0,-1.0,72.735,25.4995,46.7618,1.0,0.4229,0.0,72.1302,1.2686,-1.0,-1.0,27803.5437,-1.0,0.0,-1.0,0.0,0.0,1793.4243,622.8988,-1.0,0.0,0.0,545.0893,-1.0,0.0,0.0,3.383,-1.0,0.4229,-1.0,46.0937,73.1578,0.0,80.3468,-1.0,0.0,835.6063,0.0,0.0,0.0,1662.755,-1.0
TCGA-24-1427,218.1688,616.2375,1.0,-1.0,1.0,-2.0,-1.0,-1.0,0.0,55.0787,53.5193,62.3355,0.0,0.3577,1.0,96.5844,25.3934,1.0,1.0,7821.1552,1.0,1.0,-1.0,0.7153,1.0,2734.9785,1473.176,1.0,0.3577,0.0,535.0501,-1.0,1.073,1.0,0.7153,-1.0,0.0,-1.0,1.7883,21.4592,1.0,43.9914,1.0,0.0,845.8512,1.0,0.0,1.0,2894.4921,1.0
TCGA-24-1428,396.6038,613.7497,0.0,-1.0,2.0,-1.0,-1.0,-1.0,-1.0,233.3538,155.027,248.6106,1.0,0.0,1.0,57.9108,0.7811,-1.0,-1.0,7457.057,-1.0,1.0,-1.0,1.7575,1.0,1156.4193,1240.3876,-1.0,1.3669,1.0,595.1986,-1.0,2.9291,1.0,4.8819,1.0,0.3906,1.0,33.7826,65.4172,1.0,23.6283,-1.0,0.0,727.5951,-1.0,1.0,2.0,2307.1756,-1.0
TCGA-24-1430,168.6291,795.6266,0.0,-1.0,0.0,-1.0,-1.0,-1.0,-1.0,59.2935,16.5223,30.5341,0.0,0.0,-1.0,311.7031,67.2834,1.0,1.0,14501.5854,1.0,0.0,-1.0,1.2616,0.0,1744.7435,895.7107,-1.0,0.0,-1.0,1087.889,0.0,2.5231,0.0,1.6821,0.0,0.0,0.0,37.0059,126.577,0.0,57.6114,-1.0,0.0,513.4567,-1.0,0.0,0.0,3093.3558,1.0
TCGA-24-1434,440.3392,1337.3713,-1.0,-1.0,1.0,-1.0,-1.0,0.0,-1.0,104.785,86.8807,106.5173,-1.0,0.0,1.0,72.5136,62.6893,1.0,1.0,8810.2847,1.0,1.0,-1.0,0.3028,1.0,5728.9522,870.6844,1.0,0.0,1.0,841.3083,1.0,0.6057,1.0,0.0,1.0,0.3028,1.0,64.2035,77.5288,1.0,70.5633,-1.0,1.0,837.977,-1.0,1.0,1.0,1322.5318,-1.0
TCGA-24-1435,354.2549,797.0735,1.0,-1.0,2.0,-1.0,-1.0,-1.0,-1.0,14.6323,74.3011,121.6018,-1.0,0.0,0.0,44.1163,2.6954,-1.0,-1.0,6067.551,-1.0,2.0,-1.0,0.0,0.0,1310.7432,884.8672,0.0,0.0,0.0,530.6122,0.0,0.0,0.0,6.546,-1.0,0.7701,-1.0,28.4944,23.1036,0.0,74.7016,0.0,0.0,951.4825,0.0,0.0,0.0,1850.5968,-1.0
TCGA-24-1436,337.5675,518.3238,1.0,-1.0,2.0,-1.0,-1.0,0.0,0.0,143.3786,166.0418,176.3528,1.0,0.0,-1.0,50.1153,17.2288,1.0,1.0,13161.4484,1.0,1.0,-1.0,0.584,1.0,1785.9542,756.8988,-1.0,5.8403,1.0,864.9438,-1.0,0.876,2.0,1.1681,1.0,1.4601,1.0,13.7246,53.1464,2.0,14.8927,-1.0,-1.0,692.6559,-1.0,-1.0,2.0,2076.5075,-1.0
TCGA-24-1463,297.3683,1206.7456,0.0,-1.0,2.0,-1.0,0.0,-1.0,0.0,31.7442,32.2787,65.295,-1.0,0.0,0.0,37.4488,0.7002,-1.0,-1.0,4835.0493,-1.0,1.0,1.0,1.4005,0.0,3861.3526,829.7835,0.0,0.9337,0.0,1007.8777,0.0,0.2334,0.0,7.7026,-1.0,0.2334,-1.0,31.5108,138.1805,0.0,107.1366,0.0,0.0,470.5608,-1.0,0.0,2.0,2059.8705,0.0
TCGA-24-1467,162.2093,50.5814,0.0,0.0,2.0,0.0,-1.0,0.0,1.0,37.7907,24.2035,45.3837,-1.0,0.0,-1.0,91.2733,2.907,0.0,0.0,2816.2849,0.0,0.0,-1.0,1.1628,1.0,1858.1395,966.2791,0.0,0.5814,-1.0,1313.9535,0.0,0.0,1.0,0.0,0.0,0.0,0.0,31.9767,44.7674,1.0,65.6977,0.0,0.0,972.093,0.0,1.0,0.0,2797.093,1.0
TCGA-24-1469,227.0169,660.788,0.0,0.0,0.0,-2.0,0.0,1.0,-1.0,100.1876,70.3302,103.9024,-1.0,0.7505,0.0,102.3302,52.9081,1.0,1.0,2340.0713,1.0,1.0,-1.0,1.5009,1.0,2482.1764,1874.6717,1.0,1.8762,-1.0,658.9118,-1.0,0.7505,1.0,1.8762,-1.0,0.0,-1.0,20.6379,85.1782,1.0,177.4859,0.0,-1.0,707.6923,-1.0,1.0,2.0,1879.5497,0.0
TCGA-24-1474,276.2004,1061.7494,1.0,0.0,0.0,-1.0,1.0,-1.0,-2.0,127.9435,26.9712,19.6978,0.0,0.0,-1.0,68.85,25.7706,1.0,1.0,12548.7474,1.0,1.0,-1.0,0.3032,1.0,2095.9091,1035.3724,1.0,0.0,0.0,336.2308,1.0,0.0,1.0,0.9096,1.0,0.3032,1.0,13.3401,21.2229,1.0,336.5339,-1.0,0.0,803.4369,0.0,1.0,0.0,1494.6958,0.0
TCGA-24-1544,243.7303,555.8239,0.0,0.0,0.0,-1.0,0.0,0.0,-1.0,67.6203,19.4315,47.5571,1.0,0.7431,-1.0,166.7323,18.577,1.0,1.0,1985.2276,1.0,0.0,-1.0,0.0,0.0,1420.026,1848.7832,1.0,0.0,0.0,501.579,1.0,0.0,0.0,0.7431,1.0,0.0,1.0,26.7509,11.8893,0.0,109.2328,-1.0,-1.0,1395.5044,-1.0,1.0,-1.0,3176.6673,1.0
TCGA-24-1545,311.1402,606.4173,0.0,0.0,1.0,-1.0,-1.0,-1.0,-1.0,22.2641,72.45,77.5262,1.0,0.0,0.0,192.086,14.4716,1.0,1.0,13703.7489,1.0,-1.0,-1.0,0.0,-1.0,2240.0427,1136.302,1.0,5.566,0.0,888.0577,1.0,0.8349,-1.0,6.6792,0.0,0.2783,0.0,16.698,17.5329,-1.0,43.6932,-1.0,-1.0,872.7512,0.0,0.0,1.0,2285.9624,0.0
TCGA-24-1546,291.1615,770.5807,-1.0,-1.0,2.0,0.0,-1.0,-1.0,-1.0,22.7345,46.3864,76.3162,0.0,0.0,0.0,51.9344,196.2348,1.0,1.0,6781.1862,1.0,0.0,-1.0,0.3989,0.0,1381.2221,586.3114,-1.0,0.3989,0.0,1063.7364,0.0,0.0,0.0,0.0,-1.0,0.3989,-1.0,2.3931,63.8162,0.0,81.7645,-1.0,0.0,897.4154,0.0,0.0,0.0,2838.6248,0.0
TCGA-24-1548,228.4234,60.2364,-1.0,-1.0,-1.0,-1.0,0.0,0.0,-1.0,58.5092,15.9702,27.182,1.0,0.0,1.0,53.6687,20.2947,2.0,2.0,3885.2313,2.0,0.0,-1.0,1.0795,1.0,6099.6384,958.601,1.0,0.2159,-1.0,1192.4219,1.0,0.0,1.0,0.2159,0.0,0.0,0.0,3.4544,79.2357,1.0,164.5167,-1.0,-1.0,1215.3074,-1.0,0.0,0.0,2921.1421,0.0
TCGA-24-1549,220.9455,6495.7321,-1.0,-1.0,1.0,0.0,1.0,2.0,-1.0,39.0676,44.8785,62.3178,-1.0,0.0,1.0,39.3368,52.1996,0.0,0.0,2477.0781,0.0,1.0,-1.0,0.6566,0.0,1831.5824,635.916,0.0,0.0,-1.0,690.0854,2.0,0.0,0.0,0.3283,1.0,0.0,1.0,13.4603,74.524,0.0,149.3762,0.0,-1.0,1175.9685,-1.0,0.0,1.0,2043.9921,0.0
TCGA-24-1550,508.0663,2952.9652,0.0,-1.0,0.0,-1.0,-1.0,-1.0,-1.0,113.6105,143.3674,224.4732,0.0,0.0,-1.0,62.6221,98.1595,-1.0,-1.0,37582.4585,-1.0,0.0,-1.0,0.303,2.0,1692.0397,1066.1213,0.0,0.0,0.0,411.1187,-1.0,2.1207,2.0,0.6059,2.0,3.0296,2.0,3.9385,35.4465,2.0,55.7449,-1.0,-1.0,703.4765,-1.0,0.0,0.0,2061.3497,0.0
TCGA-24-1551,295.9341,1026.2481,0.0,0.0,1.0,-1.0,0.0,1.0,-1.0,248.07,47.3649,88.9964,0.0,0.0,1.0,95.9804,30.3654,0.0,0.0,9320.386,0.0,0.0,0.0,2.0587,1.0,1755.018,974.7813,0.0,0.0,0.0,809.5728,0.0,0.0,1.0,1.0293,0.0,1.544,0.0,69.9949,34.9974,1.0,18.528,-1.0,0.0,847.6583,1.0,0.0,2.0,1987.648,0.0
TCGA-24-1552,227.2321,488.3929,1.0,-1.0,1.0,-1.0,-1.0,-1.0,-1.0,76.7857,67.2411,125.3661,-1.0,0.0,-1.0,22.8036,131.6964,0.0,0.0,4532.1071,0.0,0.0,-1.0,0.0,0.0,3675.4464,1046.875,0.0,0.0,-1.0,1270.9821,0.0,0.4464,0.0,0.0,0.0,0.0,0.0,0.0,7.1429,0.0,38.3929,-1.0,1.0,773.2143,-1.0,1.0,0.0,2394.1964,-1.0
TCGA-24-1553,255.6177,406.778,0.0,-1.0,1.0,0.0,-1.0,0.0,0.0,39.9291,144.6326,391.8901,1.0,0.0,0.0,126.7108,66.6674,1.0,1.0,8145.7484,1.0,0.0,0.0,0.0,1.0,3591.1258,696.9772,0.0,0.3565,0.0,802.5041,0.0,0.3565,2.0,0.0,1.0,6.7737,1.0,111.2311,93.0491,2.0,8.1997,0.0,0.0,498.4011,0.0,1.0,1.0,2278.0992,0.0
TCGA-24-1555,295.2606,403.8437,0.0,0.0,1.0,-1.0,-1.0,-1.0,-1.0,24.3376,22.6768,33.3372,-1.0,0.0,0.0,121.4607,4.2791,0.0,0.0,4233.0981,0.0,0.0,-1.0,0.2674,0.0,1568.037,1839.2274,0.0,0.0,0.0,921.0847,0.0,0.0,0.0,0.0,0.0,0.0,0.0,9.3606,164.4794,0.0,14.7095,-1.0,-1.0,901.0262,0.0,0.0,0.0,4349.4773,0.0
TCGA-24-1556,252.4491,1202.8736,0.0,-2.0,1.0,-2.0,-2.0,-2.0,-2.0,78.1333,50.0576,70.8021,-1.0,0.0,1.0,127.4476,9.737,1.0,1.0,29217.206,1.0,1.0,1.0,4.5123,1.0,1491.6583,996.2596,0.0,0.0,0.0,694.6506,1.0,0.0,1.0,3.5623,-2.0,0.0,-2.0,7.1246,12.5868,1.0,165.2912,0.0,0.0,445.5263,-2.0,1.0,1.0,1951.9088,0.0
TCGA-24-1557,105.3111,743.1273,-1.0,-1.0,2.0,-1.0,-1.0,0.0,-1.0,21.4192,102.8776,182.2774,0.0,0.0,-1.0,41.7674,21.4192,-1.0,-1.0,3754.7859,-1.0,-1.0,-1.0,0.0,1.0,3784.6537,1066.2002,1.0,3.5699,1.0,478.3621,-1.0,1.19,1.0,4.1648,-1.0,0.0,-1.0,27.964,41.0535,1.0,42.2434,-1.0,0.0,785.3707,-1.0,-1.0,2.0,2732.138,0.0
TCGA-24-1558,150.8974,109.2609,1.0,-1.0,1.0,-1.0,-1.0,0.0,-1.0,37.4449,37.7411,57.0476,-1.0,0.0,0.0,150.8555,198.961,1.0,1.0,2597.9925,1.0,0.0,0.0,0.8383,1.0,2978.268,1068.8567,1.0,0.0,-1.0,1737.5559,1.0,0.0,1.0,0.5589,0.0,0.0,0.0,1.9561,38.2832,1.0,134.9694,0.0,-1.0,1408.9348,1.0,-1.0,1.0,2318.2315,1.0
TCGA-24-1560,312.699,231.6944,0.0,0.0,0.0,-1.0,-1.0,-1.0,-1.0,80.6509,63.4913,65.3803,-1.0,0.0,0.0,51.5741,20.5164,1.0,1.0,2387.4071,1.0,1.0,-1.0,0.0,0.0,2315.8826,1295.0124,1.0,0.3537,0.0,2709.2324,1.0,0.0,0.0,0.0,1.0,0.0,1.0,0.7075,50.9374,0.0,27.5911,-1.0,-1.0,2033.6045,0.0,1.0,0.0,3469.7559,1.0
TCGA-24-1562,262.0998,582.4439,0.0,0.0,0.0,0.0,-1.0,-1.0,0.0,95.6399,29.9462,48.2568,0.0,0.0,0.0,39.593,16.2158,-1.0,-1.0,3403.445,-1.0,0.0,-1.0,0.0,0.0,2531.6456,1316.7866,0.0,0.6619,0.0,1370.7289,2.0,0.3309,0.0,0.0,0.0,0.6619,0.0,13.2374,58.2444,0.0,22.1726,0.0,-1.0,664.8465,0.0,0.0,0.0,2567.0555,0.0
TCGA-24-1563,430.0414,2036.1916,0.0,0.0,2.0,-1.0,0.0,-1.0,-1.0,23.1815,26.3465,50.1478,-1.0,0.0,0.0,72.7002,2.8386,1.0,1.0,13265.2064,1.0,0.0,0.0,0.9462,0.0,1280.1892,1046.0083,0.0,0.0,1.0,450.8575,1.0,0.4731,0.0,8.5157,1.0,0.4731,1.0,93.6724,74.2756,0.0,85.1567,-1.0,-1.0,869.5446,0.0,-1.0,1.0,2001.6558,-1.0
TCGA-24-1564,277.1813,1117.0261,0.0,-2.0,1.0,-1.0,-1.0,-1.0,-2.0,22.7375,40.4259,48.6294,-1.0,0.0,1.0,168.4309,0.0,1.0,1.0,9406.9548,1.0,-1.0,-1.0,1.0827,1.0,3894.9743,689.344,1.0,0.0,0.0,736.6237,0.0,0.0,1.0,0.3609,-1.0,0.3609,-1.0,2.1655,22.0157,1.0,42.9487,0.0,-1.0,736.2627,-1.0,0.0,1.0,1639.9892,0.0
TCGA-24-1567,135.3868,3465.616,-1.0,-1.0,1.0,-1.0,-1.0,-1.0,-1.0,25.0716,156.515,192.4785,0.0,0.0,0.0,133.2271,245.702,1.0,1.0,1721.3574,1.0,0.0,-1.0,0.3582,1.0,1699.8567,1238.5387,0.0,4.298,-1.0,586.3181,-1.0,0.0,1.0,0.0,-1.0,0.0,-1.0,20.7736,0.7163,1.0,268.2665,-1.0,0.0,2708.4527,1.0,0.0,0.0,2279.3696,0.0
TCGA-24-1603,359.6998,519.0531,0.0,0.0,2.0,-1.0,-1.0,-1.0,-1.0,62.933,26.4145,65.485,-1.0,0.0,0.0,68.4815,56.582,0.0,0.0,5802.4769,0.0,0.0,-1.0,1.7321,0.0,3036.6628,1341.8014,0.0,0.2887,0.0,740.1848,0.0,0.5774,0.0,10.1039,0.0,0.0,0.0,28.5797,1304.5612,0.0,48.4988,-1.0,-1.0,771.3626,-1.0,0.0,0.0,3075.3464,0.0
TCGA-24-1604,388.1772,279.4125,-1.0,-2.0,2.0,0.0,-1.0,1.0,-1.0,26.8786,53.0946,60.4269,-1.0,0.0,0.0,466.2939,7.8135,1.0,1.0,5086.9523,1.0,0.0,-1.0,0.3125,1.0,1125.4637,677.2785,-1.0,2.8129,1.0,660.4012,-1.0,0.0,1.0,1.5627,-1.0,0.0,-1.0,6.2508,22.1905,1.0,62.1959,-1.0,-1.0,839.8003,0.0,0.0,1.0,2931.9565,1.0
TCGA-24-1616,399.907,690.0112,0.0,-2.0,-1.0,1.0,-1.0,0.0,-1.0,78.6089,5.8177,12.7895,1.0,0.0,1.0,29.6748,184.0446,1.0,1.0,1949.8962,1.0,-1.0,-1.0,0.0,1.0,1687.2833,1257.1181,1.0,0.0,1.0,977.6199,0.0,0.0,1.0,0.0,0.0,0.0,0.0,0.0,33.6895,1.0,4.6791,-1.0,-1.0,461.6712,-1.0,1.0,1.0,2884.8208,1.0
TCGA-24-1842,334.4861,712.6893,1.0,-1.0,-1.0,-1.0,-1.0,0.0,-1.0,90.4841,87.9085,118.1173,1.0,0.0,-1.0,26.4979,6.1001,2.0,2.0,3713.5111,2.0,1.0,-1.0,0.6778,1.0,5945.1775,890.6074,-1.0,0.0,1.0,1149.1818,1.0,0.0,2.0,2.7111,-1.0,0.3389,-1.0,3.3889,48.8004,2.0,63.0339,-1.0,1.0,812.6624,-1.0,1.0,1.0,2585.7438,1.0
TCGA-24-1843,242.56,234.88,1.0,-1.0,-1.0,-1.0,0.0,1.0,-1.0,47.36,29.8752,116.16,-1.0,0.0,0.0,58.7456,2.88,0.0,0.0,7050.3744,0.0,0.0,-1.0,0.0,1.0,2979.84,1233.28,0.0,0.0,-1.0,487.68,0.0,0.64,1.0,0.0,1.0,0.64,1.0,3.2,55.36,1.0,174.72,-1.0,-1.0,1387.2,-1.0,0.0,0.0,3855.04,0.0
TCGA-24-1844,265.285,106.0449,1.0,0.0,1.0,-2.0,-1.0,1.0,-1.0,40.0691,117.0086,172.6563,-1.0,0.0,1.0,128.8497,26.943,1.0,1.0,4067.0052,1.0,0.0,-1.0,0.3454,1.0,2439.3782,1060.1036,-1.0,0.3454,0.0,1068.3938,1.0,0.0,1.0,19.3437,0.0,0.0,0.0,16.5803,35.5786,1.0,50.0864,-1.0,1.0,547.4957,-1.0,-1.0,1.0,3104.3178,0.0
TCGA-24-1846,323.5083,519.051,-1.0,-1.0,2.0,-1.0,2.0,-2.0,-1.0,67.2178,17.9008,29.6585,-1.0,0.0,0.0,92.261,1.0784,0.0,0.0,5965.2516,0.0,0.0,-1.0,0.0,0.0,812.3652,1456.1467,0.0,7.908,0.0,239.3961,-1.0,0.7189,0.0,1.7973,-1.0,0.0,-1.0,2.1567,79.0798,0.0,34.1481,-1.0,-1.0,1737.5988,2.0,0.0,2.0,3076.2042,0.0
TCGA-24-1847,291.5173,1251.2943,1.0,-1.0,2.0,-1.0,-1.0,-1.0,1.0,80.446,45.7626,35.6312,-1.0,0.0,1.0,56.9494,37.4353,-1.0,-1.0,12535.2449,-1.0,0.0,0.0,2.7877,2.0,1315.0139,1235.7626,1.0,0.3982,1.0,745.1215,-1.0,0.0,2.0,1.593,1.0,0.0,1.0,13.1422,18.7176,2.0,43.8072,1.0,1.0,869.773,0.0,0.0,1.0,1724.0143,-1.0
TCGA-24-1849,345.0689,1279.1545,-1.0,-1.0,0.0,-1.0,-1.0,-1.0,0.0,48.8467,58.1361,95.1882,0.0,0.0,0.0,62.061,127.4013,-1.0,-1.0,13869.5251,-1.0,0.0,0.0,0.5713,1.0,2399.7715,917.5177,-1.0,0.857,0.0,397.0578,-1.0,1.1426,0.0,1.9996,0.0,2.5709,0.0,3.7135,83.125,0.0,122.2595,-1.0,0.0,887.8098,0.0,0.0,0.0,1911.5904,0.0
TCGA-24-1850,225.0733,872.434,2.0,-1.0,1.0,-1.0,1.0,0.0,-1.0,129.7654,114.6188,341.6202,1.0,0.0,1.0,69.6114,160.5572,1.0,1.0,3137.1334,1.0,-1.0,-1.0,0.0,1.0,1550.5865,1085.044,1.0,0.7331,1.0,726.5396,1.0,0.0,1.0,0.7331,-1.0,2.9326,-1.0,3.6657,43.2551,1.0,121.7009,-1.0,1.0,1071.1144,-1.0,1.0,-1.0,1890.0293,-1.0
TCGA-24-1924,416.042,606.072,-1.0,-2.0,-1.0,1.0,-1.0,1.0,-1.0,82.8336,109.5052,251.8441,0.0,0.0,-1.0,75.6897,25.4873,0.0,0.0,6866.5892,0.0,2.0,-1.0,0.3748,1.0,1555.0975,1023.6132,0.0,0.7496,-1.0,941.5292,-1.0,0.0,1.0,1.4993,-1.0,0.0,-1.0,19.4903,128.9355,1.0,90.7046,-1.0,-1.0,811.8441,-1.0,1.0,1.0,3533.3583,1.0
TCGA-24-1928,284.1383,888.1932,1.0,-1.0,1.0,-1.0,1.0,-1.0,-1.0,47.4061,227.904,247.746,1.0,0.0,-1.0,84.4067,46.2135,1.0,1.0,7273.6732,1.0,1.0,-1.0,0.5963,1.0,2755.2177,1141.3238,1.0,0.2982,-1.0,1440.966,1.0,0.0,1.0,2.3852,1.0,1.7889,1.0,2.0871,9.2427,1.0,63.5063,-1.0,-1.0,1020.2743,-1.0,1.0,-1.0,2084.9732,1.0
TCGA-24-1930,375.1809,1075.7503,-1.0,-1.0,0.0,-1.0,0.0,-1.0,1.0,137.4119,50.8193,73.7238,-2.0,0.0,0.0,91.4716,1.9299,1.0,1.0,9381.461,1.0,1.0,-1.0,2.7019,1.0,3156.6149,1317.7651,1.0,0.0,1.0,437.3251,-1.0,0.386,1.0,2.7019,-1.0,0.0,-1.0,111.9367,269.4201,1.0,49.4065,-1.0,-1.0,980.0251,0.0,-1.0,0.0,1608.8005,-1.0
TCGA-24-2019,238.7552,96.2801,1.0,-1.0,1.0,-1.0,-1.0,0.0,-1.0,41.5755,38.1084,102.5261,-1.0,0.0,-1.0,154.1503,137.3693,1.0,1.0,6042.7863,1.0,0.0,-1.0,0.9725,1.0,2537.5638,1339.8979,1.0,0.0,-1.0,1435.4486,1.0,0.9725,1.0,0.2431,0.0,0.0,0.0,25.7719,48.8694,1.0,86.798,0.0,-1.0,916.849,-1.0,1.0,-1.0,1904.4493,-1.0
TCGA-24-2020,214.2384,92.3841,-1.0,-1.0,1.0,-1.0,-1.0,0.0,-1.0,169.2053,27.606,148.606,1.0,2.9801,-1.0,70.1987,0.6623,1.0,1.0,2440.7285,1.0,0.0,-1.0,0.9934,1.0,650.3311,1498.3444,1.0,56.6225,-1.0,1218.8742,1.0,0.9934,2.0,0.0,-1.0,0.0,-1.0,18.8742,35.4305,2.0,175.8278,-1.0,1.0,1156.2914,-1.0,-1.0,0.0,2577.8146,-1.0
TCGA-24-2023,302.0774,1461.4727,-1.0,0.0,2.0,-1.0,-1.0,2.0,-1.0,49.2446,63.4495,177.9513,0.0,0.0,0.0,46.1246,4.627,0.0,0.0,4550.4748,0.0,0.0,0.0,0.3305,0.0,2218.3186,741.9734,-1.0,0.0,0.0,384.0415,-1.0,0.0,0.0,0.3305,0.0,0.0,0.0,3.305,20.491,0.0,31.3975,2.0,-1.0,1387.7712,0.0,2.0,0.0,5768.8844,2.0
TCGA-24-2024,323.7207,1656.4485,0.0,-1.0,0.0,-1.0,0.0,-1.0,-1.0,39.8829,24.6371,39.6703,-1.0,0.0,0.0,281.0839,9.6068,2.0,2.0,8318.1837,2.0,-1.0,0.0,5.8223,0.0,1701.8626,1461.9832,0.0,308.8738,0.0,680.9197,0.0,0.0,0.0,1.1645,-1.0,0.5822,-1.0,76.2723,95.1948,0.0,159.5314,0.0,-1.0,808.4284,0.0,0.0,0.0,2491.9507,0.0
TCGA-24-2026,304.3439,1070.3246,-1.0,-1.0,0.0,-1.0,0.0,0.0,-1.0,162.4143,82.1948,90.7179,-1.0,0.0,-1.0,53.5784,351.5318,0.0,0.0,4332.3384,0.0,1.0,-1.0,0.0,1.0,2698.1253,1043.6214,-1.0,9.5107,-1.0,612.7115,-1.0,1.829,1.0,0.3658,2.0,1.4632,2.0,179.9726,136.0768,1.0,117.7869,1.0,-1.0,617.1011,-1.0,0.0,1.0,2590.5807,0.0
TCGA-24-2027,282.867,790.4731,0.0,-1.0,0.0,-1.0,0.0,-1.0,-1.0,105.4415,58.2395,84.4816,0.0,0.0,0.0,92.1903,70.9702,0.0,0.0,2280.5808,0.0,-1.0,-1.0,1.6898,1.0,2075.0341,1465.7041,0.0,16.5597,-1.0,964.1812,-1.0,0.338,0.0,1.0139,0.0,0.0,0.0,6.7591,4.3934,0.0,171.3424,-1.0,0.0,780.3345,-1.0,0.0,2.0,1232.8541,-1.0
TCGA-24-2033,272.7145,608.7078,0.0,-1.0,1.0,0.0,0.0,-1.0,0.0,36.3993,121.988,396.5337,1.0,0.0,0.0,121.6464,3.9199,1.0,1.0,4083.3095,1.0,1.0,-2.0,2.24,1.0,2922.5815,1380.9324,1.0,3.9199,-1.0,688.2262,1.0,0.56,1.0,0.56,1.0,1.12,1.0,6.1599,47.599,1.0,142.7971,0.0,-1.0,815.3437,0.0,1.0,2.0,1989.0802,0.0
TCGA-24-2035,223.6679,1442.3792,0.0,-1.0,2.0,-1.0,0.0,2.0,0.0,34.6964,38.4139,56.4994,0.0,0.0,0.0,100.9665,2.4783,0.0,0.0,12887.2615,0.0,0.0,0.0,0.0,0.0,3503.0979,1056.3817,0.0,9.9133,0.0,326.518,-1.0,13.6307,0.0,24.1636,0.0,0.6196,0.0,19.8265,491.3259,0.0,37.1747,0.0,-1.0,850.6815,0.0,0.0,1.0,2057.6208,0.0
TCGA-24-2036,296.4405,614.3571,0.0,0.0,2.0,-1.0,-1.0,-1.0,0.0,40.8398,99.1034,194.0383,2.0,0.3521,0.0,81.2289,126.04,0.0,0.0,3640.4726,0.0,0.0,-1.0,5.9851,-1.0,4269.1659,800.9527,-1.0,0.3521,0.0,734.412,0.0,3.1686,-1.0,0.3521,0.0,0.0,0.0,26.053,65.1324,-1.0,196.8055,0.0,0.0,374.5994,-1.0,0.0,0.0,2445.8103,0.0
TCGA-24-2038,314.8639,1174.7007,0.0,0.0,0.0,0.0,0.0,1.0,0.0,35.1732,22.6761,46.1913,0.0,0.0,0.0,46.2846,3.3902,1.0,1.0,2498.9003,1.0,0.0,0.0,1.2713,1.0,1751.4567,1231.9102,1.0,0.0,0.0,561.5002,1.0,0.8475,1.0,0.0,0.0,3.814,0.0,21.6125,20.7649,1.0,73.3129,0.0,0.0,512.7662,0.0,0.0,0.0,1672.211,0.0
TCGA-24-2254,258.0645,2547.3465,1.0,-1.0,1.0,-1.0,0.0,-1.0,-1.0,31.7378,45.2393,101.8574,1.0,0.0,-1.0,98.9646,8.845,1.0,1.0,8193.4391,1.0,1.0,-1.0,2.6015,1.0,1678.4599,665.9729,-1.0,0.0,-1.0,418.3143,-1.0,0.5203,1.0,0.0,-1.0,1.5609,-1.0,10.9261,17.6899,1.0,135.796,-1.0,0.0,673.7773,-1.0,0.0,2.0,1595.2133,-1.0
TCGA-24-2261,262.3417,312.7423,0.0,-1.0,1.0,-1.0,-1.0,-1.0,-1.0,89.9457,89.3487,130.0543,0.0,0.0,1.0,52.9026,0.2585,0.0,0.0,7806.7511,0.0,0.0,-1.0,1.0339,1.0,3904.1096,1014.7325,1.0,64.8746,-1.0,769.9664,1.0,3.36,1.0,1.5508,0.0,0.5169,0.0,29.2065,286.6374,1.0,18.0925,-1.0,-1.0,741.7937,-1.0,1.0,-1.0,2146.291,1.0
TCGA-24-2262,297.2304,595.8336,0.0,0.0,2.0,-1.0,-1.0,-1.0,-1.0,2.7458,158.0538,292.4253,2.0,0.0,1.0,73.5731,2421.0889,0.0,0.0,9743.2664,0.0,1.0,-1.0,1.3729,1.0,2528.8607,896.4962,1.0,0.0,0.0,986.4204,0.0,0.0,1.0,0.0,0.0,0.0,0.0,4.1187,121.5006,1.0,289.6795,0.0,0.0,1085.9548,0.0,0.0,2.0,1949.5017,0.0
TCGA-24-2267,364.3275,915.2047,-1.0,-1.0,1.0,-1.0,-1.0,-1.0,-1.0,54.9708,130.2632,121.1579,0.0,0.0,1.0,81.2807,587.7193,1.0,1.0,11960.8246,1.0,0.0,-1.0,0.0,1.0,2986.5497,1092.3977,0.0,0.0,-1.0,595.9064,-1.0,0.0,1.0,3.5088,-1.0,3.5088,-1.0,16.9591,40.3509,1.0,64.3275,-1.0,-1.0,768.4211,0.0,0.0,1.0,1875.4386,-1.0
TCGA-24-2271,173.3116,315.7038,0.0,-1.0,1.0,-1.0,-1.0,-1.0,0.0,57.7705,105.7364,170.9439,0.0,0.0,0.0,52.1888,262.0016,0.0,0.0,5918.5191,0.0,-1.0,-1.0,0.0,0.0,3083.808,1330.3499,0.0,0.0,-1.0,1502.0342,0.0,0.8137,1.0,24.4101,-1.0,1.6273,-1.0,46.3792,176.5663,1.0,20.3417,-1.0,0.0,760.7811,0.0,0.0,0.0,2210.7404,0.0
TCGA-24-2281,189.1383,137.863,-1.0,-1.0,2.0,-1.0,0.0,1.0,0.0,109.8067,79.9073,126.4324,-1.0,0.4837,1.0,81.0392,12.0932,1.0,1.0,4827.3665,1.0,0.0,-2.0,1.4512,2.0,2750.9711,1434.2587,1.0,2.9024,-1.0,891.5139,1.0,0.4837,0.0,28.5401,0.0,0.0,0.0,16.9305,74.0107,0.0,80.2991,-1.0,0.0,797.6704,0.0,1.0,2.0,2904.3134,0.0
TCGA-24-2288,529.7681,800.1888,-1.0,-1.0,1.0,-1.0,0.0,-1.0,0.0,68.7708,141.0967,99.2106,1.0,0.5828,-1.0,77.2039,1.7484,1.0,1.0,5785.2137,1.0,-1.0,-1.0,1.7484,1.0,6548.9598,1438.3584,1.0,0.0,1.0,476.733,-1.0,0.0,1.0,0.5828,1.0,8.742,1.0,3.4968,6.9936,1.0,39.0478,-1.0,-1.0,746.5709,-1.0,1.0,1.0,1895.8589,1.0
TCGA-24-2289,318.7806,907.038,0.0,-1.0,2.0,-1.0,1.0,-1.0,-1.0,35.7546,35.4234,44.3696,0.0,0.0,-1.0,117.0117,131.7275,2.0,1.0,10062.5141,2.0,0.0,-1.0,5.2691,1.0,2348.8897,1067.3692,1.0,1.5055,1.0,476.4772,0.0,0.3764,0.0,0.0,2.0,0.7527,2.0,3.3873,29.3564,0.0,77.9074,1.0,-1.0,961.6108,2.0,1.0,2.0,1555.8901,0.0
TCGA-24-2290,252.987,662.0629,0.0,-1.0,1.0,0.0,-1.0,-1.0,-1.0,32.4455,17.5118,13.1536,1.0,0.0,0.0,21.9884,0.4385,0.0,0.0,6507.0043,0.0,1.0,-1.0,1.3154,0.0,5666.1186,933.4649,0.0,0.0,-1.0,1241.2584,0.0,0.0,1.0,0.8769,-1.0,0.8769,-1.0,91.6365,37.2684,1.0,42.9683,-1.0,1.0,650.6632,-1.0,-1.0,0.0,1637.1808,-1.0
TCGA-24-2293,303.1872,925.5343,0.0,-1.0,2.0,-1.0,-1.0,0.0,0.0,23.6634,80.5768,113.9037,-1.0,0.2958,2.0,46.9896,2.9579,1.0,1.0,9573.9525,1.0,0.0,-1.0,2.6621,2.0,3913.9244,884.7149,1.0,0.5916,-1.0,763.7359,-1.0,0.0,2.0,0.8874,-1.0,1.479,-1.0,14.198,9.1696,2.0,63.5954,-1.0,-1.0,821.1196,-1.0,0.0,-1.0,2139.7619,0.0
TCGA-24-2297,358.9056,978.3284,0.0,-1.0,2.0,-1.0,-1.0,-1.0,0.0,116.6934,144.9678,226.8656,0.0,0.3269,0.0,74.7655,154.6105,0.0,0.0,9402.5659,0.0,1.0,-1.0,0.0,0.0,3829.9611,1203.8702,0.0,0.0,0.0,525.6104,-1.0,0.0,0.0,3.2687,1.0,1.9612,1.0,84.0061,340.6008,0.0,110.4828,0.0,0.0,649.1681,-1.0,0.0,0.0,2337.1359,0.0
TCGA-24-2298,275.7909,872.4209,-1.0,-1.0,2.0,-1.0,-1.0,-1.0,0.0,87.0014,82.0186,104.522,-1.0,0.3439,-1.0,77.1802,255.8459,1.0,0.0,13900.8116,0.0,1.0,-1.0,1.0316,1.0,2776.4787,1088.033,1.0,0.0,1.0,1456.3274,0.0,0.0,1.0,0.0,1.0,0.0,1.0,2.751,36.795,1.0,33.7001,-1.0,1.0,707.7029,-1.0,0.0,1.0,1920.9078,0.0
TCGA-25-1312,193.3854,609.0198,1.0,-1.0,1.0,-1.0,0.0,0.0,1.0,99.5791,100.979,137.7222,1.0,0.0,-1.0,59.2279,5.7727,1.0,1.0,4841.7943,1.0,1.0,-1.0,0.0,1.0,5089.1161,1820.8058,1.0,0.0,0.0,788.4546,1.0,0.0,1.0,0.0,1.0,7.6969,1.0,24.0529,31.7498,1.0,34.1551,-1.0,-1.0,829.3446,-1.0,1.0,1.0,2146.4823,0.0
TCGA-25-1313,267.8431,304.7059,0.0,-2.0,2.0,-1.0,-1.0,0.0,-1.0,12.1569,11.5882,52.1098,1.0,0.3922,-1.0,96.7725,297.2549,1.0,1.0,11245.1882,1.0,-1.0,0.0,0.0,-1.0,1194.902,613.3333,-1.0,0.0,-1.0,693.3333,-1.0,0.0,2.0,0.0,-1.0,0.7843,-1.0,27.0588,96.8627,2.0,18.8235,-1.0,-1.0,1302.3529,1.0,1.0,2.0,1850.9804,0.0
TCGA-25-1314,354.0754,170.6106,-1.0,-1.0,2.0,0.0,0.0,-1.0,0.0,16.3599,204.4026,224.7327,0.0,0.0,0.0,56.0561,2.9214,0.0,0.0,4150.1957,0.0,0.0,-1.0,0.0,0.0,3394.683,842.5358,-1.0,0.2921,2.0,1319.0184,1.0,0.2921,0.0,0.0,0.0,0.0,0.0,1.1686,12.5621,0.0,22.787,-1.0,-1.0,516.7981,-1.0,1.0,1.0,2145.1943,-1.0
TCGA-25-1315,176.1061,251.3303,0.0,0.0,0.0,-1.0,-1.0,1.0,-1.0,69.9759,33.224,67.4306,-1.0,0.0,-1.0,152.0169,13.9952,1.0,1.0,1977.2928,1.0,2.0,-1.0,0.5831,0.0,2866.9728,1244.4056,1.0,0.0,0.0,878.7813,0.0,0.2916,0.0,0.0,2.0,0.0,2.0,7.5807,72.8916,0.0,78.1398,-1.0,0.0,974.415,-1.0,1.0,0.0,2876.0114,1.0
TCGA-25-1316,383.5374,1230.9453,-1.0,0.0,0.0,-1.0,-1.0,-1.0,0.0,31.6356,12.7182,6.3982,-1.0,0.0,0.0,58.4726,0.7109,0.0,0.0,2512.8986,0.0,-1.0,-1.0,0.3555,0.0,1875.3877,1343.9804,0.0,0.0,0.0,521.8099,0.0,3.5546,0.0,0.0,-1.0,0.0,-1.0,0.3555,0.0,0.0,136.1398,-1.0,-1.0,577.6166,-1.0,0.0,0.0,1737.4706,0.0
TCGA-25-1317,215.9278,361.6585,0.0,-1.0,1.0,-1.0,-1.0,0.0,1.0,49.2611,196.9581,342.1223,1.0,0.4105,1.0,62.7791,22.9885,0.0,0.0,2885.9072,0.0,-1.0,-1.0,0.0,1.0,2855.0903,1375.6158,0.0,26.2726,-1.0,805.4187,0.0,2.0525,1.0,0.0,-1.0,0.821,-1.0,42.2824,41.0509,1.0,137.931,-1.0,-1.0,835.3859,0.0,1.0,0.0,2322.6601,1.0
TCGA-25-1318,313.5514,1002.3364,-1.0,-1.0,2.0,-1.0,-1.0,-1.0,-1.0,64.0187,70.2897,78.6495,1.0,0.0,1.0,57.2243,390.6542,1.0,1.0,12160.0654,1.0,0.0,-1.0,0.0,2.0,2312.6168,831.3084,0.0,0.0,0.0,711.215,0.0,0.9346,2.0,7.4766,0.0,0.4673,0.0,14.486,79.9065,2.0,28.0374,-1.0,-1.0,635.514,-1.0,1.0,0.0,1431.7757,-1.0
TCGA-25-1319,465.2421,250.0042,1.0,0.0,-1.0,-1.0,0.0,1.0,-1.0,73.8294,46.2703,59.0557,-1.0,0.3906,0.0,72.1574,46.0945,0.0,0.0,7096.7116,0.0,2.0,-1.0,2.3438,1.0,1576.9793,1027.3608,0.0,10.5471,0.0,1319.1625,1.0,0.7813,1.0,1.9532,1.0,0.0,1.0,1.9532,81.2513,1.0,60.9385,0.0,0.0,718.7619,-1.0,1.0,2.0,2277.3816,1.0
TCGA-25-1320,366.6548,973.3205,-1.0,-1.0,2.0,-1.0,-1.0,-1.0,1.0,83.408,63.8088,89.3079,1.0,0.0,-1.0,56.394,36.7676,-1.0,-1.0,4665.1806,-1.0,0.0,-1.0,1.7022,2.0,3336.6611,1145.5836,-1.0,0.0,-1.0,879.6993,1.0,0.0,2.0,0.0,1.0,0.0,1.0,21.4478,115.069,2.0,74.5566,0.0,-1.0,633.9009,-1.0,0.0,-1.0,2636.0338,1.0
TCGA-25-1321,145.7778,44.1481,-1.0,-1.0,1.0,-1.0,-1.0,0.0,-1.0,66.963,24.9659,31.7748,-1.0,0.0,1.0,105.2119,47.7037,1.0,1.0,4292.7141,1.0,0.0,-1.0,0.0,1.0,6118.2222,1383.1111,1.0,0.0,0.0,762.0741,-1.0,0.5926,1.0,0.0,0.0,0.0,0.0,15.4074,163.2593,1.0,58.0741,-1.0,-1.0,952.0,-1.0,-1.0,1.0,3034.6667,1.0
TCGA-25-1322,177.9944,535.9331,0.0,-1.0,2.0,-1.0,0.0,-1.0,0.0,61.8384,86.8663,88.0167,1.0,0.0,0.0,36.429,46.5181,0.0,0.0,5603.1253,0.0,0.0,-1.0,0.5571,1.0,4949.5822,985.5153,0.0,0.2786,-1.0,887.7437,0.0,0.8357,0.0,0.8357,0.0,0.8357,0.0,6.4067,18.9415,0.0,24.7911,-1.0,0.0,1113.9276,1.0,0.0,2.0,2564.0669,0.0
TCGA-25-1323,243.891,564.493,1.0,-1.0,0.0,-1.0,-1.0,0.0,1.0,160.0926,80.1672,190.7311,0.0,0.0,0.0,84.8824,75.0434,1.0,1.0,2755.9266,1.0,-1.0,-1.0,1.6676,2.0,1907.7696,1291.58,0.0,7.5043,0.0,725.0025,1.0,10.0058,2.0,0.0,1.0,0.0,1.0,20.8454,29.6004,2.0,170.0983,-1.0,-1.0,752.5184,-1.0,1.0,0.0,3283.565,1.0
TCGA-25-1329,315.0942,1135.7853,1.0,1.0,2.0,-1.0,-1.0,-1.0,-1.0,27.5325,301.6645,361.2876,1.0,0.0,0.0,45.3257,4.1716,0.0,0.0,6998.8236,0.0,1.0,-1.0,0.5562,1.0,2574.9844,994.5074,0.0,0.0,1.0,595.9814,0.0,0.0,1.0,2.2248,1.0,0.2781,1.0,1.9467,0.5562,1.0,33.9289,-1.0,1.0,498.088,-1.0,1.0,-1.0,2235.6949,0.0
TCGA-25-1623,286.3777,780.5728,1.0,0.0,1.0,-1.0,0.0,0.0,0.0,76.6254,60.952,105.031,0.0,0.0,1.0,42.7554,1.548,0.0,0.0,6755.6192,0.0,2.0,-1.0,5.031,1.0,3628.87,808.4365,0.0,8.5139,0.0,804.1796,0.0,0.0,1.0,0.387,0.0,0.0,0.0,0.0,0.774,1.0,47.9876,-1.0,0.0,719.8142,-1.0,1.0,1.0,1751.548,0.0
TCGA-25-1625,530.1843,2117.2358,-1.0,-1.0,2.0,0.0,1.0,-1.0,0.0,88.1209,13.7288,23.0748,0.0,0.0,0.0,50.331,25.6776,0.0,0.0,11051.7346,0.0,0.0,0.0,0.5836,1.0,1247.1149,819.9328,0.0,0.2918,1.0,376.7022,-1.0,1.459,1.0,0.5836,0.0,0.2918,0.0,55.4403,13.7142,1.0,7.2948,-1.0,0.0,1241.8627,1.0,0.0,0.0,1210.9328,-1.0
TCGA-25-1626,382.6776,1288.046,1.0,-1.0,1.0,-1.0,0.0,0.0,1.0,30.5689,156.6299,174.5297,1.0,0.0,1.0,49.2046,80.0075,1.0,1.0,8648.2196,1.0,0.0,-1.0,1.887,1.0,3833.5692,903.1041,1.0,2.2644,-1.0,891.4048,0.0,1.5096,1.0,0.0,0.0,0.0,0.0,14.341,37.7394,1.0,93.9711,-1.0,0.0,1078.9697,0.0,1.0,0.0,1717.5205,1.0
TCGA-25-1627,239.2617,123.8255,-1.0,-1.0,1.0,-1.0,-1.0,0.0,-1.0,31.8792,6.1443,10.4396,-1.0,0.0,0.0,159.8188,89.5973,1.0,1.0,4139.5101,1.0,-2.0,1.0,0.3356,1.0,3111.0738,1595.9732,1.0,0.6711,0.0,750.3356,1.0,0.3356,1.0,2.0134,-2.0,0.0,-2.0,51.6779,85.5705,1.0,34.5638,-1.0,-1.0,2063.4228,1.0,-1.0,2.0,2239.5973,-1.0
TCGA-25-1628,348.4712,900.2428,1.0,0.0,1.0,-1.0,-1.0,0.0,-1.0,29.8338,42.1918,53.1226,1.0,0.0,0.0,66.7232,5.8437,0.0,0.0,6385.991,0.0,1.0,-1.0,1.5378,2.0,3644.338,845.4962,0.0,0.9227,0.0,664.648,0.0,0.0,2.0,0.3076,1.0,0.0,1.0,35.0624,89.1939,2.0,238.978,-1.0,1.0,903.9336,-1.0,1.0,-1.0,1615.6391,0.0
TCGA-25-1630,192.3977,939.7661,-1.0,-1.0,1.0,0.0,0.0,0.0,0.0,23.9766,74.2573,127.152,0.0,0.0,0.0,97.5322,3.5088,1.0,1.0,5817.0877,1.0,0.0,0.0,0.0,1.0,809.9415,884.2105,0.0,0.0,-1.0,548.538,-1.0,0.0,1.0,0.0,-1.0,1.1696,-1.0,38.0117,18.7135,1.0,53.2164,-1.0,-1.0,681.2865,-1.0,0.0,0.0,2839.1813,1.0
TCGA-25-1631,442.5356,1012.9695,-1.0,-2.0,0.0,0.0,0.0,-1.0,-1.0,22.9019,47.5197,103.9042,-1.0,0.0,1.0,78.1026,1.7617,0.0,0.0,4798.2447,0.0,-1.0,-1.0,0.0,1.0,1690.1617,1120.4324,0.0,8.4561,1.0,907.2684,0.0,0.0,1.0,0.3523,-1.0,1.7617,-1.0,15.5028,15.8552,1.0,89.4937,-1.0,-1.0,784.655,-1.0,1.0,1.0,2725.6808,0.0
TCGA-25-1632,320.2285,321.7644,-1.0,0.0,-1.0,-1.0,-1.0,-1.0,-1.0,9.5992,6.992,6.5274,-1.0,0.0,0.0,90.5932,1.5359,-1.0,-1.0,2138.7196,-1.0,-1.0,-1.0,0.384,0.0,2657.8201,1888.3501,0.0,0.7679,0.0,424.2836,-1.0,0.0,0.0,1.5359,-1.0,0.0,-1.0,34.557,58.363,0.0,76.4094,-1.0,0.0,689.9888,-1.0,0.0,0.0,3453.3998,0.0
TCGA-25-1633,307.1922,513.206,-1.0,-1.0,0.0,-1.0,0.0,1.0,-1.0,30.4754,87.0662,147.05,-1.0,0.0,0.0,62.9541,86.9565,0.0,0.0,9019.1264,0.0,-1.0,-1.0,0.4063,0.0,4123.1207,1106.8671,0.0,0.4063,-1.0,882.1617,0.0,3.2507,0.0,0.0,0.0,0.4063,0.0,11.7838,41.4466,0.0,76.3917,-1.0,-1.0,889.4758,-1.0,1.0,0.0,1861.4384,0.0
TCGA-25-1634,288.8704,865.661,-1.0,-1.0,-1.0,0.0,-1.0,-1.0,-1.0,36.1088,64.8818,266.0316,-1.0,0.0,1.0,238.5224,0.4751,2.0,2.0,975.8736,2.0,-1.0,-1.0,0.0,1.0,2043.4731,1243.8532,1.0,1.4253,1.0,439.9572,0.0,0.0,1.0,0.0,-1.0,0.0,-1.0,3.8009,36.5839,1.0,141.5845,-1.0,-1.0,735.9544,-1.0,1.0,0.0,3208.9322,1.0
TCGA-25-1635,202.3795,1341.528,-1.0,-1.0,2.0,-1.0,1.0,-1.0,-1.0,144.8649,10.3275,21.9274,-1.0,0.0,-1.0,128.1425,24.8032,1.0,1.0,4331.3955,1.0,1.0,-1.0,1.4379,1.0,3145.3295,1152.4487,1.0,0.0,-1.0,1094.5747,1.0,0.0,1.0,0.3595,1.0,0.0,1.0,10.4245,86.9908,1.0,48.8874,-1.0,1.0,1502.5688,0.0,0.0,2.0,1688.0534,-1.0
TCGA-25-1870,259.6491,171.2281,-1.0,-1.0,0.0,-1.0,0.0,-1.0,1.0,58.4795,12.8094,24.2433,-1.0,0.0,0.0,116.2433,36.0234,1.0,1.0,7240.4819,1.0,0.0,-1.0,0.9357,1.0,1478.8304,1461.9883,1.0,0.4678,-1.0,965.1462,1.0,0.0,1.0,3.7427,0.0,0.0,0.0,21.9883,53.8012,1.0,105.731,-1.0,-1.0,717.193,0.0,1.0,-1.0,2920.2339,1.0
TCGA-25-1871,197.3398,1703.0402,-1.0,-1.0,-1.0,-1.0,1.0,-1.0,0.0,21.1726,27.8366,43.9332,-1.0,0.0,1.0,317.7362,38.2736,1.0,1.0,2534.5983,1.0,0.0,-1.0,1.0858,1.0,2209.8263,2344.734,1.0,3.2573,1.0,405.5375,1.0,0.0,1.0,0.2714,-1.0,0.0,-1.0,7.8719,26.0586,1.0,142.7796,-1.0,-1.0,1376.7644,-1.0,0.0,-1.0,2155.5375,0.0
TCGA-25-2042,298.0904,1457.3824,0.0,0.0,2.0,-1.0,-1.0,-1.0,1.0,14.4388,68.7052,146.013,0.0,0.0,0.0,71.1551,411.2715,1.0,1.0,13129.5901,1.0,0.0,0.0,0.9315,0.0,4979.9721,565.9059,-1.0,0.0,0.0,573.8239,-1.0,2.7946,0.0,0.4658,0.0,1.8631,0.0,43.3163,13.0415,0.0,64.7415,-1.0,0.0,878.435,0.0,0.0,0.0,2407.0796,1.0
TCGA-25-2391,245.4957,1278.5873,0.0,-1.0,0.0,-1.0,-1.0,-1.0,-1.0,130.0696,124.2323,143.4585,0.0,0.0,0.0,86.5781,103.3666,0.0,0.0,3195.3112,0.0,2.0,-1.0,4.0198,1.0,2297.6096,1152.5375,0.0,0.0,0.0,609.2886,-1.0,5.1683,1.0,0.5743,0.0,0.2871,0.0,23.8317,40.7724,1.0,55.9902,-1.0,0.0,1273.7061,0.0,1.0,0.0,2706.1948,0.0
TCGA-25-2392,414.0494,554.8969,1.0,-1.0,1.0,-1.0,-1.0,-1.0,-1.0,43.5283,42.9231,70.2185,-1.0,0.0,1.0,227.4582,226.4885,1.0,1.0,25055.0332,1.0,1.0,-1.0,0.7078,0.0,479.8726,1203.2204,1.0,2.8311,1.0,1334.1591,1.0,0.0,0.0,2.8311,-1.0,0.0,-1.0,26.1877,52.7294,0.0,69.716,-1.0,-1.0,964.3457,-1.0,0.0,2.0,2011.5014,-1.0
TCGA-25-2393,348.6924,252.802,1.0,0.0,0.0,-1.0,0.0,-1.0,-1.0,104.1926,5.8323,27.3682,-1.0,0.0,1.0,98.6633,58.5305,2.0,2.0,2360.8634,2.0,0.0,-1.0,0.4151,0.0,2067.2478,2362.8061,0.0,1.6604,0.0,379.8257,0.0,0.8302,0.0,0.0,0.0,0.0,0.0,9.5475,38.1901,0.0,307.1814,0.0,-1.0,1043.5866,-1.0,1.0,-1.0,3709.8381,1.0
TCGA-25-2396,318.3407,651.1104,0.0,-1.0,1.0,-1.0,-1.0,-1.0,-1.0,73.4979,76.767,147.3746,-1.0,0.0,0.0,171.9806,24.349,1.0,1.0,5701.5398,1.0,-1.0,0.0,0.0,1.0,4892.7968,1030.7744,0.0,31.5635,0.0,526.209,0.0,0.0,1.0,0.9018,0.0,0.4509,0.0,19.8399,35.1708,1.0,92.436,1.0,-1.0,482.9219,-1.0,-1.0,0.0,2979.1455,0.0
TCGA-25-2397,567.8046,474.9696,0.0,-1.0,2.0,-1.0,0.0,-1.0,-1.0,123.6001,135.6038,245.2139,1.0,0.0,0.0,149.1836,576.9802,2.0,2.0,7360.1943,2.0,2.0,-1.0,3.7782,2.0,1362.839,1272.7027,0.0,0.0,-1.0,908.9192,-1.0,0.0,-1.0,0.0,2.0,0.0,2.0,4.8576,103.6297,-1.0,36.7022,-1.0,0.0,1292.1333,2.0,0.0,0.0,2477.3985,0.0
TCGA-25-2398,248.7625,984.8966,1.0,-1.0,1.0,-1.0,-1.0,-1.0,1.0,67.0136,134.8039,226.7242,-1.0,0.0,-1.0,76.8829,9.6459,1.0,1.0,3900.7793,1.0,-1.0,-1.0,3.0461,1.0,2412.4889,1527.0973,1.0,0.0,-1.0,850.3617,1.0,1.0154,1.0,0.0,1.0,0.0,1.0,13.1996,28.9377,1.0,171.5954,-1.0,-1.0,997.5885,0.0,1.0,0.0,1965.224,1.0
TCGA-25-2399,382.4402,967.9978,0.0,0.0,1.0,-1.0,-1.0,-1.0,-1.0,102.4209,44.9721,31.4642,-1.0,0.0,-1.0,81.3746,10.6904,0.0,0.0,5141.3994,0.0,0.0,-1.0,0.6897,0.0,3320.5738,1601.4898,0.0,8.6213,0.0,954.2037,1.0,0.0,0.0,0.3449,0.0,0.0,0.0,10.3455,21.3808,0.0,87.9371,0.0,-1.0,847.9895,0.0,2.0,0.0,2280.1573,0.0
TCGA-25-2400,234.6221,29.4376,0.0,-1.0,1.0,-1.0,1.0,-1.0,-1.0,108.0844,56.696,126.2654,-1.0,0.0,-1.0,108.6687,340.949,1.0,1.0,4169.0114,1.0,-1.0,-1.0,0.0,1.0,2566.7838,1289.5431,1.0,0.8787,-1.0,1093.1459,1.0,2.6362,1.0,0.0,1.0,0.0,1.0,2.6362,64.1476,1.0,167.3989,-1.0,-1.0,1124.3409,0.0,-1.0,1.0,2381.3708,0.0
TCGA-25-2401,358.2395,1012.7943,1.0,-1.0,2.0,-1.0,-1.0,-1.0,-1.0,40.4299,79.1402,66.8987,0.0,0.0,0.0,44.7748,0.0,0.0,0.0,11143.5568,0.0,0.0,-1.0,0.0,0.0,1395.087,905.8342,0.0,0.5118,1.0,569.6008,-1.0,0.0,0.0,0.0,0.0,0.0,0.0,1.0235,28.6592,0.0,73.695,0.0,0.0,975.9468,0.0,0.0,0.0,4110.5425,1.0
TCGA-25-2404,345.8657,1273.1617,0.0,-1.0,2.0,-1.0,1.0,0.0,-1.0,71.6784,21.8793,40.119,0.0,0.348,1.0,32.1927,0.348,-1.0,-1.0,6857.634,-1.0,0.0,-1.0,0.348,1.0,3841.4063,1255.7641,1.0,0.0,0.0,681.9888,0.0,0.348,1.0,34.0994,0.0,1.0439,0.0,4.5234,48.3655,1.0,68.5468,-1.0,1.0,927.9919,-1.0,0.0,0.0,2400.531,0.0
TCGA-25-2409,277.1217,976.8133,0.0,-1.0,2.0,-1.0,-1.0,-1.0,-1.0,97.6408,13.9088,43.1686,-1.0,0.0,0.0,93.9418,30.3861,1.0,1.0,7638.3198,1.0,0.0,-1.0,2.0257,0.0,3638.2347,1026.6466,-1.0,0.4051,0.0,582.1986,-1.0,0.0,1.0,0.0,0.0,2.0257,0.0,17.8265,69.2804,1.0,196.9022,1.0,0.0,682.2703,0.0,1.0,0.0,1966.1863,-1.0
TCGA-29-1688,251.0526,457.8947,1.0,-1.0,2.0,0.0,-1.0,-1.0,-1.0,220.5263,83.8526,201.7053,1.0,0.0,0.0,36.4737,0.5263,-1.0,-1.0,7873.0,-1.0,0.0,1.0,1.0526,1.0,1016.3158,998.4211,0.0,0.0,-1.0,434.2105,-1.0,0.0,1.0,1.0526,-1.0,0.5263,-1.0,5.2632,5.7895,1.0,145.2632,-1.0,-1.0,752.1053,0.0,-1.0,-1.0,1496.8421,-1.0
TCGA-29-1690,341.7555,1511.9229,0.0,0.0,1.0,0.0,0.0,0.0,0.0,17.4531,24.9579,59.2593,0.0,0.4059,0.0,68.895,0.4059,1.0,1.0,4628.0101,1.0,-2.0,0.0,0.0,0.0,1323.998,882.3947,1.0,0.0,0.0,746.829,1.0,0.0,0.0,2.8412,-2.0,0.0,-2.0,22.3237,26.7884,0.0,80.3653,0.0,0.0,724.5053,0.0,0.0,0.0,1540.7407,0.0
TCGA-29-1691,348.5846,1868.9928,-1.0,-1.0,-1.0,-1.0,1.0,0.0,-1.0,216.2607,14.3318,23.9928,-1.0,0.0,0.0,166.9388,1.975,1.0,1.0,5965.7143,1.0,1.0,0.0,0.3292,0.0,1327.8473,1189.5984,-1.0,0.3292,-1.0,677.0902,-1.0,0.0,2.0,0.0,1.0,0.6583,1.0,10.2041,57.9329,2.0,345.6221,1.0,1.0,1208.6899,0.0,1.0,1.0,3425.9381,1.0
TCGA-29-1693,499.1157,628.9353,0.0,0.0,2.0,-1.0,-1.0,-1.0,-1.0,226.3884,50.4068,106.9261,0.0,0.0,0.0,125.1822,62.2568,0.0,0.0,2449.2784,0.0,1.0,-1.0,0.0,1.0,1902.7237,984.4358,0.0,0.0,1.0,473.647,0.0,0.0,1.0,6.0134,1.0,0.3537,1.0,174.3898,328.9706,1.0,66.1479,-1.0,-1.0,986.5582,-1.0,-1.0,1.0,1553.2366,-1.0
TCGA-29-1694,441.938,1222.2507,0.0,-1.0,2.0,-1.0,-1.0,-1.0,-1.0,86.4736,30.84,47.2768,-1.0,0.3418,0.0,75.3824,59.4719,0.0,0.0,9318.1065,0.0,0.0,-1.0,2.3925,1.0,1646.4154,912.2447,0.0,0.0,1.0,642.9121,-1.0,0.0,1.0,2.7343,0.0,0.0,0.0,14.0135,52.9779,1.0,25.9762,-1.0,1.0,1077.3306,0.0,0.0,0.0,2336.1531,0.0
TCGA-29-1695,222.2551,1667.9491,1.0,-1.0,1.0,-1.0,1.0,0.0,1.0,31.0743,37.6502,56.0136,-1.0,0.0,0.0,55.5253,445.398,1.0,1.0,7847.1086,1.0,0.0,-1.0,0.0,-1.0,2591.2992,854.3948,0.0,0.0,-1.0,489.198,0.0,0.0,2.0,0.2959,0.0,0.2959,0.0,45.8716,187.3335,2.0,23.3797,-1.0,-1.0,1140.2782,-1.0,0.0,1.0,2582.7168,1.0
TCGA-29-1696,350.4287,1872.8361,0.0,-1.0,1.0,-1.0,-1.0,-1.0,-1.0,45.3001,42.9348,253.8036,-1.0,0.0,0.0,102.6727,11.0015,0.0,0.0,3012.3572,0.0,0.0,-1.0,0.0,0.0,1160.6536,934.8002,0.0,0.0,0.0,755.5412,0.0,0.0,0.0,0.0,-1.0,0.0,-1.0,305.1286,225.5298,0.0,23.6208,-1.0,0.0,1131.2085,0.0,0.0,0.0,3444.1029,1.0
TCGA-29-1697,339.0411,646.0372,0.0,-1.0,2.0,-1.0,-1.0,-1.0,-1.0,151.4188,13.8503,18.4173,-1.0,0.0,0.0,58.6913,112.2798,1.0,1.0,2940.0856,1.0,0.0,-1.0,1.7123,0.0,2083.9041,1030.8219,1.0,7.0939,-1.0,1801.8591,0.0,0.0,2.0,3.9139,0.0,1.2231,0.0,1.9569,101.272,2.0,234.8337,-1.0,0.0,2586.5949,0.0,0.0,2.0,3591.7319,0.0
TCGA-29-1698,189.9992,955.6797,1.0,-1.0,1.0,-1.0,1.0,0.0,-1.0,240.0702,96.3772,74.0428,-1.0,0.2707,-1.0,64.4779,105.5551,1.0,1.0,5834.4287,1.0,1.0,-2.0,1.3533,1.0,4422.759,1112.1178,1.0,0.5413,-1.0,463.3599,1.0,0.2707,1.0,0.2707,1.0,0.0,1.0,18.9458,51.4243,1.0,126.1248,-1.0,-1.0,854.9964,-1.0,0.0,-1.0,2387.44,1.0
TCGA-29-1699,376.1608,985.5381,-1.0,0.0,1.0,-1.0,0.0,-1.0,-1.0,54.6506,39.3561,33.9336,-2.0,0.0,-1.0,93.8956,300.5024,1.0,1.0,7579.114,1.0,0.0,1.0,0.6089,0.0,5572.5377,1121.3274,0.0,45.8213,0.0,870.2999,1.0,0.4567,0.0,0.4567,0.0,0.0,0.0,117.6739,75.2017,0.0,54.8029,-1.0,-1.0,947.7851,-1.0,-1.0,0.0,1281.4736,-1.0
TCGA-29-1701,315.6798,483.9744,1.0,-1.0,1.0,-1.0,0.0,0.0,-1.0,62.728,36.0252,208.0733,-1.0,0.0,-1.0,76.9208,243.7721,1.0,1.0,2985.5305,1.0,1.0,-1.0,0.0,1.0,1247.9298,734.3763,0.0,1.53,-1.0,1029.1468,0.0,45.3885,1.0,0.0,1.0,0.0,1.0,2.0399,96.3869,1.0,288.1407,1.0,0.0,1472.3226,0.0,1.0,1.0,1573.8093,-1.0
TCGA-29-1702,220.4955,928.6036,2.0,-1.0,-1.0,-1.0,1.0,-1.0,-1.0,72.5225,97.5428,212.9842,-1.0,0.0,1.0,192.1104,12.1622,1.0,1.0,5630.8626,1.0,0.0,-1.0,0.0,1.0,974.3243,857.2072,-1.0,2.2523,-1.0,478.6036,-1.0,0.6757,1.0,0.0,0.0,0.6757,0.0,1.8018,35.3604,1.0,264.4144,1.0,-1.0,2118.6937,1.0,1.0,1.0,1816.2162,0.0
TCGA-29-1703,407.9795,2562.4552,0.0,0.0,2.0,-1.0,0.0,-1.0,-1.0,130.5371,96.8348,158.9606,-1.0,0.0,-1.0,58.6148,19.2327,-1.0,-1.0,8981.1806,-1.0,0.0,-1.0,0.0,1.0,1974.4246,915.8056,-1.0,3.2737,0.0,522.9668,-1.0,0.0,1.0,0.0,0.0,0.0,0.0,1.6368,4.0921,1.0,31.509,0.0,0.0,573.7084,-1.0,0.0,-1.0,3347.7238,0.0
TCGA-29-1705,498.4254,442.4544,-1.0,-1.0,2.0,0.0,-1.0,-1.0,0.0,119.027,19.0089,44.1994,-1.0,0.0,0.0,36.4945,0.3542,-1.0,0.0,6527.7003,-1.0,-1.0,-1.0,1.0627,1.0,2921.4741,1266.0784,0.0,0.0,-1.0,1235.6131,0.0,0.0,1.0,0.0,-1.0,0.0,-1.0,10.9817,115.8387,1.0,80.0598,-1.0,1.0,967.8025,0.0,0.0,0.0,2209.0836,0.0
TCGA-29-1710,429.6372,1582.5704,0.0,-1.0,0.0,-1.0,1.0,-1.0,1.0,82.7399,69.6304,90.4849,-1.0,0.0,1.0,73.5775,51.882,1.0,1.0,7917.2669,1.0,1.0,0.0,1.3564,1.0,3362.4958,782.9773,0.0,0.0,0.0,455.0695,1.0,0.3391,1.0,0.0,1.0,0.3391,1.0,9.8338,4.0692,1.0,45.1,0.0,-1.0,798.5758,-1.0,0.0,0.0,1903.6962,0.0
TCGA-29-1711,190.5894,3327.4715,-1.0,-1.0,2.0,0.0,-1.0,-1.0,0.0,90.7795,4.8146,17.1103,-1.0,0.0,0.0,38.6312,0.9506,-1.0,-1.0,5804.5247,-1.0,0.0,-1.0,0.0,0.0,719.5817,609.3156,0.0,0.0,0.0,464.8289,-1.0,0.0,2.0,0.9506,0.0,1.9011,0.0,803.2319,65.5894,2.0,84.1255,0.0,0.0,697.7186,-1.0,0.0,0.0,1258.0798,-1.0
TCGA-29-1761,234.5233,449.6159,-1.0,-1.0,1.0,-1.0,1.0,-1.0,1.0,114.3244,16.8821,156.4392,-1.0,0.0,-1.0,131.1342,876.1862,1.0,1.0,4083.9584,1.0,-1.0,-1.0,0.0,1.0,431.089,1107.5463,1.0,2.2594,0.0,787.6186,1.0,0.0,1.0,0.0,-1.0,1.3556,-1.0,29.3719,15.3638,1.0,36.15,-1.0,-1.0,1643.4704,1.0,0.0,0.0,1991.8662,-1.0
TCGA-29-1762,227.6421,49.6048,1.0,-1.0,-1.0,-1.0,-1.0,-1.0,-1.0,42.9745,106.1937,251.5801,-1.0,0.0,0.0,56.11,1.2278,0.0,0.0,3960.9006,0.0,-1.0,-1.0,0.0,0.0,1412.2648,1385.0067,0.0,3.9291,-1.0,1197.6379,0.0,1.719,0.0,0.0,0.0,0.0,0.0,10.3139,45.4302,0.0,312.8543,-1.0,-1.0,1280.1489,-1.0,0.0,0.0,2229.7625,0.0
TCGA-29-1763,302.4289,1030.8057,-1.0,-1.0,1.0,-1.0,-1.0,0.0,-1.0,23.4005,41.1552,56.2796,1.0,0.0,1.0,96.3951,45.9123,1.0,1.0,6793.4153,1.0,-1.0,-1.0,2.3697,-1.0,1901.0664,1307.7607,1.0,0.0,1.0,401.955,-1.0,0.2962,-1.0,0.2962,-1.0,0.0,-1.0,9.4787,15.9953,-1.0,139.5142,0.0,-1.0,598.045,-1.0,-1.0,1.0,3171.8009,1.0
TCGA-29-1770,426.3941,944.6097,-1.0,-1.0,2.0,1.0,-1.0,0.0,1.0,46.0967,30.2862,66.5204,1.0,0.0,0.0,44.5316,62.4535,-1.0,-1.0,6471.8253,-1.0,1.0,1.0,0.3717,1.0,1627.881,890.3346,0.0,0.0,0.0,514.1264,-1.0,0.7435,1.0,0.0,-1.0,0.0,-1.0,60.223,1090.3346,1.0,58.3643,1.0,-1.0,531.5985,-1.0,-1.0,-1.0,1641.2639,-1.0
TCGA-29-1770,241.9461,1002.6298,-1.0,-1.0,2.0,1.0,-1.0,0.0,1.0,27.9421,23.4845,39.5003,1.0,0.0,0.0,35.6509,209.073,-1.0,-1.0,6414.382,-1.0,1.0,1.0,2.3011,1.0,1999.0138,881.3281,0.0,0.3287,0.0,771.8606,-1.0,1.6437,1.0,0.9862,-1.0,0.0,-1.0,80.2104,1729.1256,1.0,48.3235,1.0,-1.0,530.9007,-1.0,-1.0,-1.0,1740.9599,-1.0
TCGA-29-1776,327.0903,725.4823,0.0,-1.0,1.0,-1.0,1.0,1.0,-1.0,57.8391,22.1683,38.8918,0.0,0.0,0.0,110.3581,4.4875,0.0,0.0,2750.186,0.0,0.0,-1.0,1.4958,1.0,2001.9321,971.7972,0.0,0.4986,1.0,286.204,-1.0,0.0,1.0,2.4931,-1.0,0.0,-1.0,18.4487,70.8031,1.0,61.828,-1.0,0.0,1367.1975,1.0,0.0,1.0,3006.6378,0.0
TCGA-29-1778,205.3597,78.6084,1.0,-2.0,1.0,0.0,1.0,-1.0,-1.0,45.134,91.5844,194.866,-1.0,0.0,-1.0,146.5614,117.3484,1.0,1.0,8169.7527,1.0,0.0,-1.0,0.7522,1.0,2669.6756,1472.8726,1.0,0.0,-2.0,1102.3977,1.0,0.3761,1.0,0.3761,0.0,198.2134,0.0,248.6131,362.2003,1.0,77.1039,1.0,0.0,1006.488,0.0,1.0,1.0,2441.7489,0.0
TCGA-29-1781,439.0674,1239.6423,0.0,-1.0,2.0,-1.0,-1.0,2.0,-1.0,38.999,225.5982,365.4819,0.0,0.0,-1.0,84.6541,1.7528,0.0,0.0,7458.3653,1.0,0.0,-1.0,0.0,0.0,1877.2101,1349.19,0.0,0.0,0.0,557.8171,-1.0,0.0,0.0,0.0,0.0,0.4382,0.0,8.3256,22.7859,0.0,54.3357,-1.0,0.0,1177.4191,0.0,1.0,2.0,3225.9619,0.0
TCGA-29-1783,193.8866,245.5037,0.0,-1.0,1.0,-1.0,0.0,0.0,1.0,25.1633,111.5445,164.4423,0.0,0.0,1.0,84.6681,17.7434,1.0,1.0,5328.3491,1.0,0.0,-1.0,1.2904,1.0,3891.6042,1069.7637,0.0,0.0,-1.0,568.1103,0.0,0.3226,1.0,0.0,0.0,0.6452,0.0,17.4208,70.9735,1.0,16.1303,-1.0,-1.0,535.2045,-1.0,0.0,1.0,2188.8862,1.0
TCGA-29-1784,413.5293,84.5581,-1.0,-1.0,2.0,-1.0,-1.0,1.0,-1.0,158.6471,84.4735,242.4441,-1.0,0.0,0.0,107.4008,157.0364,1.0,1.0,7582.5569,1.0,2.0,0.0,0.0,-1.0,1764.0427,1423.7971,1.0,1.208,-1.0,521.8442,-1.0,0.0,1.0,4.4292,-1.0,0.0,-1.0,10.4691,32.6153,1.0,99.8591,-1.0,1.0,962.7542,-1.0,-1.0,0.0,2033.0179,-1.0
TCGA-29-1785,393.0609,802.1,-1.0,0.0,2.0,-1.0,-1.0,-1.0,0.0,47.0212,83.8987,138.7263,1.0,0.0,0.0,64.5104,1.3696,0.0,0.0,5510.929,0.0,-1.0,-1.0,0.4565,0.0,1973.522,945.9028,0.0,0.913,-1.0,678.3839,0.0,0.0,0.0,105.9119,1.0,0.0,1.0,2.7391,85.8252,0.0,132.3899,0.0,0.0,942.2506,0.0,0.0,0.0,2060.2602,0.0
TCGA-29-2414,442.8199,1051.5627,-1.0,-1.0,1.0,-1.0,-1.0,-1.0,-1.0,62.4904,60.8689,94.3066,0.0,0.0,0.0,268.003,272.0487,1.0,1.0,2388.9166,1.0,-1.0,-1.0,0.0,0.0,1632.8312,1623.1344,1.0,5.9258,1.0,596.3524,-1.0,0.0,0.0,0.0,1.0,0.0,1.0,8.0807,6.4645,0.0,123.9034,0.0,0.0,555.4104,-1.0,0.0,-1.0,2745.2681,1.0
TCGA-29-2414,475.1725,534.1632,-1.0,-1.0,1.0,-1.0,-1.0,-1.0,-1.0,84.427,83.0253,164.2863,0.0,1.6236,0.0,312.3474,209.4439,1.0,1.0,3177.3021,1.0,-1.0,-1.0,0.5412,0.0,2026.2481,1716.3902,1.0,17.8596,1.0,588.8242,-1.0,0.0,0.0,0.0,1.0,0.0,1.0,4.3296,9.7416,0.0,169.3952,0.0,0.0,803.139,-1.0,0.0,-1.0,3018.2655,1.0
TCGA-29-2425,211.2802,361.2355,-1.0,-1.0,2.0,-1.0,-1.0,0.0,1.0,35.8102,9.2614,18.308,-1.0,0.0,1.0,209.5166,47.4485,1.0,1.0,2742.5873,1.0,-1.0,-1.0,0.0,1.0,1786.4816,1650.8505,1.0,10.2954,-1.0,394.8075,-1.0,0.4476,1.0,0.0,1.0,0.0,1.0,34.4673,73.8585,1.0,90.8684,-1.0,-1.0,525.9624,-1.0,-1.0,1.0,2641.0027,1.0
TCGA-29-2427,403.5,223.6696,-1.0,-1.0,2.0,0.0,-1.0,-1.0,-1.0,24.1563,28.3434,89.3963,-1.0,0.0,0.0,133.2176,19.6829,-1.0,-1.0,33620.3164,-1.0,0.0,1.0,0.0,0.0,1375.1208,552.9113,-1.0,0.8947,0.0,644.1685,-1.0,1.7894,0.0,31.3137,-1.0,0.8947,-1.0,58.1541,196.8293,0.0,12.5255,0.0,0.0,925.9922,0.0,0.0,0.0,2563.2538,0.0
TCGA-29-2428,212.7411,113.9684,1.0,-1.0,1.0,-1.0,-1.0,0.0,1.0,62.5365,114.5996,269.2987,1.0,0.0,1.0,17.0193,2.3378,1.0,1.0,2728.159,1.0,0.0,-1.0,2.3378,1.0,2990.0643,1368.2057,1.0,0.0,-1.0,1005.8445,1.0,0.0,1.0,3.5067,0.0,0.0,0.0,25.716,4.6756,1.0,77.7323,-1.0,0.0,748.685,-1.0,0.0,-1.0,2306.8381,0.0
TCGA-29-A5NZ,185.2174,435.3423,-1.0,-1.0,1.0,-1.0,0.0,-1.0,0.0,10.0484,34.0018,35.1859,0.0,0.2716,1.0,62.0071,7.6042,1.0,1.0,4505.1492,1.0,1.0,-2.0,13.579,1.0,3459.3825,1026.8429,1.0,1.0863,0.0,636.8545,1.0,0.0,1.0,1.0863,1.0,0.0,1.0,1.6295,18.4674,1.0,189.0195,0.0,0.0,655.865,0.0,1.0,1.0,1179.1992,0.0
TCGA-30-1718,279.4972,1545.557,-1.0,-2.0,2.0,0.0,-1.0,0.0,1.0,27.3949,66.2367,236.8375,-1.0,0.0,-1.0,41.7165,2.0806,-1.0,-1.0,4369.9003,-1.0,1.0,-1.0,0.0,1.0,1412.3971,514.6077,-1.0,0.0,1.0,615.1712,0.0,0.0,1.0,0.0,1.0,1.3871,1.0,18.7256,144.2566,1.0,78.0234,-1.0,-1.0,729.2588,-1.0,-1.0,1.0,2927.0915,1.0
TCGA-30-1855,254.4831,515.8228,-2.0,-1.0,2.0,1.0,-1.0,-1.0,0.0,133.1751,67.4341,202.1598,1.0,0.0,1.0,88.2068,2.9008,0.0,0.0,5464.5359,0.0,-1.0,-1.0,1.3186,1.0,3692.5105,876.0549,0.0,0.5274,-1.0,905.5907,0.0,0.2637,1.0,17.6688,1.0,0.0,1.0,57.4895,217.827,1.0,98.8924,0.0,1.0,674.0506,-1.0,1.0,2.0,2307.4895,0.0
TCGA-30-1857,426.1893,836.1942,1.0,-1.0,2.0,-1.0,-1.0,-1.0,0.0,87.2977,53.9823,125.2281,-1.0,0.0,0.0,87.0378,11.28,-1.0,-1.0,4483.8303,-1.0,0.0,0.0,0.4904,1.0,671.4076,1051.4958,0.0,0.4904,0.0,470.3286,-1.0,1.4713,2.0,1.9617,0.0,0.0,0.0,27.4644,110.8386,2.0,45.1202,-1.0,-1.0,775.8705,0.0,0.0,1.0,2631.1918,1.0
TCGA-30-1860,363.5739,1158.0756,0.0,0.0,-1.0,-1.0,-1.0,-1.0,-1.0,213.7457,144.3643,220.7216,1.0,0.0,0.0,56.2405,143.6426,0.0,0.0,14448.2268,0.0,1.0,-1.0,1.3746,2.0,972.5086,1338.8316,0.0,0.6873,-1.0,529.2096,-1.0,0.0,0.0,1.3746,-1.0,2.7491,-1.0,2.0619,81.0997,0.0,40.5498,-1.0,-1.0,1375.2577,1.0,0.0,1.0,1828.1787,-1.0
TCGA-30-1861,298.5529,973.1259,1.0,-1.0,2.0,-1.0,-1.0,1.0,-1.0,129.6921,46.7893,114.19,-1.0,0.4352,1.0,129.0872,0.4352,1.0,1.0,3128.8826,1.0,1.0,1.0,0.0,1.0,3994.3423,837.7761,-1.0,0.0,1.0,501.7952,-1.0,0.0,1.0,0.0,0.0,0.0,0.0,154.0638,131.4329,1.0,76.5967,0.0,0.0,974.4315,0.0,0.0,1.0,2425.8514,0.0
TCGA-30-1862,353.5798,869.0915,1.0,0.0,1.0,0.0,1.0,1.0,0.0,17.2268,219.3702,274.6036,1.0,0.0,-1.0,55.4186,2.584,1.0,1.0,3593.6459,1.0,1.0,-1.0,0.4307,0.0,1512.0814,872.9675,0.0,0.4307,0.0,779.5122,0.0,0.0,0.0,0.4307,1.0,0.0,1.0,13.7814,26.7015,0.0,41.775,0.0,1.0,755.3947,0.0,1.0,1.0,1678.3199,0.0
TCGA-30-1891,371.2597,995.0625,-1.0,-1.0,1.0,-1.0,0.0,-1.0,-1.0,7.0151,37.1422,126.1474,1.0,0.0,0.0,97.7849,0.0,2.0,2.0,5792.1863,2.0,0.0,-1.0,0.0,1.0,2346.2753,1113.7792,0.0,0.0,1.0,621.1046,-1.0,0.0,1.0,0.0,0.0,0.0,0.0,5.9358,78.2452,1.0,36.1547,-1.0,0.0,749.5346,-1.0,0.0,1.0,1052.2624,-1.0
TCGA-31-1944,351.1294,1164.271,0.0,0.0,2.0,-1.0,-1.0,-1.0,0.0,86.2423,13.4651,14.2967,-1.0,0.0,-1.0,43.4548,1.0267,0.0,0.0,5925.231,0.0,1.0,-1.0,0.0,0.0,1819.8152,1090.8624,0.0,0.0,0.0,900.4107,0.0,0.0,0.0,5.1335,1.0,0.0,1.0,21.0472,49.2813,0.0,33.8809,1.0,-1.0,737.6797,0.0,2.0,0.0,3916.3244,0.0
TCGA-31-1946,458.3987,1743.7206,0.0,-1.0,2.0,-1.0,-1.0,-1.0,-1.0,109.4976,43.0965,47.7198,-1.0,0.0,0.0,71.8132,0.7849,0.0,0.0,6596.1617,0.0,0.0,-1.0,0.3925,1.0,2716.6405,1071.821,0.0,0.0,1.0,543.1711,0.0,0.0,1.0,16.4835,0.0,0.0,0.0,1.5699,18.0534,1.0,63.1868,-1.0,0.0,872.0565,-1.0,0.0,1.0,1666.405,-1.0
TCGA-31-1951,338.2728,715.0543,0.0,0.0,1.0,-1.0,-1.0,-1.0,1.0,74.7522,77.4479,98.2275,-1.0,0.0,-1.0,36.7343,1.5101,0.0,0.0,6959.0184,0.0,0.0,-1.0,1.1326,1.0,4246.5314,834.3558,0.0,0.0,0.0,943.4639,0.0,0.0,1.0,0.3775,0.0,2.6428,0.0,56.2529,78.9051,1.0,89.4762,0.0,0.0,682.2086,0.0,0.0,0.0,1629.8254,0.0
TCGA-31-1953,470.5281,737.3083,0.0,-1.0,1.0,-1.0,-1.0,-1.0,-1.0,64.7359,78.6746,146.2624,-1.0,0.0,0.0,43.4208,1.0221,-1.0,-1.0,8646.8688,-1.0,2.0,-1.0,1.0221,2.0,3219.7615,931.8569,-1.0,0.0,0.0,771.7206,0.0,0.6814,0.0,0.0,2.0,0.0,2.0,92.6746,128.109,0.0,32.0273,-1.0,0.0,674.6167,-1.0,0.0,-1.0,1293.6968,-1.0
TCGA-31-1956,331.2753,1020.282,-1.0,-1.0,2.0,-1.0,-1.0,-1.0,-1.0,17.8291,60.8891,86.9713,-1.0,0.0,0.0,100.021,562.4779,0.0,0.0,23871.4295,0.0,0.0,0.0,1.7254,1.0,1032.9349,594.6852,-1.0,0.0,1.0,288.1405,-1.0,2.3005,1.0,2.3005,-1.0,0.0,-1.0,303.0939,358.8816,1.0,25.8809,0.0,-1.0,677.504,0.0,0.0,0.0,2245.8857,0.0
TCGA-31-1959,252.4655,746.0552,1.0,-1.0,2.0,-1.0,-1.0,0.0,-1.0,28.1065,108.0079,112.1992,1.0,0.0,-1.0,62.0464,2107.002,2.0,2.0,9225.9221,2.0,-1.0,-1.0,0.9862,1.0,2354.0434,959.5661,1.0,0.4931,-1.0,762.8205,-1.0,1.9724,1.0,0.0,1.0,0.4931,1.0,3.9448,77.4162,1.0,178.0079,-1.0,1.0,947.2387,-1.0,-1.0,1.0,2145.9566,1.0
TCGA-36-1568,472.6101,566.2806,0.0,0.0,2.0,-1.0,-1.0,0.0,0.0,68.511,172.3846,152.857,2.0,0.0,0.0,33.8297,6.5802,-1.0,-1.0,5709.4861,-1.0,-1.0,-1.0,0.3871,1.0,1187.1377,930.8987,0.0,0.3871,1.0,1069.082,0.0,0.3871,1.0,3.8707,-1.0,0.0,-1.0,5.0319,158.6979,1.0,92.8963,0.0,0.0,1121.3362,0.0,1.0,1.0,3662.4379,1.0
TCGA-36-1569,512.3237,736.5722,-1.0,-1.0,2.0,-1.0,-1.0,-1.0,-1.0,68.6708,40.302,45.8755,-1.0,1.1398,0.0,240.6212,7.4085,1.0,1.0,7506.0664,1.0,-1.0,-1.0,0.2849,1.0,3046.018,893.2896,0.0,0.2849,1.0,730.8733,0.0,1.1398,1.0,0.0,-1.0,0.0,-1.0,11.1127,16.5266,1.0,43.311,0.0,-1.0,839.1509,0.0,0.0,0.0,2051.5743,0.0
TCGA-36-1570,512.9395,374.629,0.0,0.0,2.0,-1.0,-1.0,1.0,-1.0,111.1369,37.24,38.4888,-1.0,0.0,0.0,109.5217,43.6609,0.0,0.0,5930.9516,0.0,0.0,0.0,0.0,0.0,1744.9103,2174.1918,0.0,2.1372,1.0,766.0507,0.0,0.0,2.0,1.8319,0.0,0.0,0.0,25.647,36.6385,1.0,83.658,-1.0,0.0,949.2434,0.0,0.0,1.0,2291.7405,0.0
TCGA-36-1571,267.7642,82.7466,1.0,0.0,1.0,-1.0,-1.0,0.0,-1.0,100.7215,30.5759,57.9536,-1.0,0.3099,0.0,93.5501,28.202,1.0,1.0,3149.3715,1.0,0.0,-1.0,0.0,0.0,1814.846,1966.0832,1.0,0.3099,0.0,1368.2625,1.0,0.0,0.0,0.6198,0.0,0.0,0.0,2.1694,6.1982,0.0,88.6349,-2.0,-1.0,1632.9276,1.0,1.0,-1.0,2132.5061,0.0
TCGA-36-1574,372.6677,1409.5254,0.0,0.0,1.0,0.0,-1.0,0.0,-1.0,14.3591,43.7985,89.3067,-1.0,0.0,0.0,84.7084,1.3357,0.0,0.0,4028.9953,0.0,0.0,2.0,0.0,1.0,1929.4569,1149.3927,0.0,0.0,-1.0,622.4486,-1.0,0.0,1.0,0.6679,0.0,0.0,0.0,44.4129,38.4021,1.0,130.2333,1.0,1.0,1202.1539,0.0,0.0,1.0,2430.3544,0.0
TCGA-36-1575,266.1414,412.63,-1.0,-1.0,1.0,-1.0,1.0,-1.0,-1.0,39.1457,17.2019,31.2722,0.0,0.4924,0.0,84.5054,130.978,1.0,1.0,1355.0219,1.0,0.0,-1.0,4.4316,1.0,8850.8648,1697.298,0.0,112.0207,-1.0,775.5278,0.0,0.0,1.0,0.0,0.0,0.4924,0.0,1.7234,94.0481,1.0,129.747,-1.0,0.0,1050.04,-1.0,2.0,0.0,1812.7654,-1.0
TCGA-36-1576,333.9102,807.8998,0.0,-1.0,1.0,-1.0,-1.0,0.0,1.0,25.2469,44.8173,59.4523,-1.0,0.0,0.0,53.0673,9.3658,1.0,1.0,8733.6577,1.0,-1.0,-1.0,0.4072,1.0,2093.0469,1265.1939,0.0,0.0,-1.0,822.1521,0.0,1.6288,1.0,0.0,0.0,0.0,0.0,19.546,34.6126,1.0,94.4722,-1.0,-1.0,964.6747,0.0,1.0,1.0,2272.6255,1.0
TCGA-36-1577,159.3581,1003.7306,0.0,0.0,0.0,-1.0,0.0,0.0,-1.0,108.1157,125.2509,233.7946,0.0,0.0,-1.0,116.5904,39.6987,1.0,1.0,2020.1028,1.0,2.0,-1.0,0.5631,0.0,1049.3419,1584.8525,0.0,0.0,0.0,941.7893,0.0,1.1262,0.0,0.2816,0.0,0.2816,0.0,1.4078,0.5631,0.0,184.1346,-1.0,1.0,2055.3248,0.0,0.0,0.0,2591.9617,0.0
TCGA-36-1578,181.1941,702.0588,1.0,-1.0,1.0,-1.0,0.0,-1.0,-1.0,41.0561,15.0922,33.0529,1.0,0.0,1.0,41.9456,3.0108,-1.0,-1.0,5500.8978,-1.0,1.0,-1.0,1.0948,1.0,3773.053,1034.3393,-1.0,0.0,-1.0,854.7874,1.0,0.0,1.0,0.2737,1.0,0.0,1.0,17.791,17.791,1.0,37.2242,-1.0,-1.0,918.5612,1.0,-1.0,2.0,2864.619,1.0
TCGA-36-1580,353.8287,1404.7529,0.0,0.0,1.0,-1.0,-1.0,-1.0,0.0,38.0988,34.3531,78.3516,-1.0,0.0,1.0,120.9468,40.7393,2.0,2.0,7860.9468,2.0,0.0,-1.0,0.3772,1.0,2608.4496,1175.0283,0.0,0.0,0.0,823.4628,0.0,0.0,1.0,2.2633,-1.0,0.0,-1.0,12.0709,90.9091,1.0,70.5394,-1.0,-1.0,1715.579,0.0,0.0,2.0,2248.2082,-1.0
TCGA-36-1581,365.8103,1936.0155,-1.0,-1.0,1.0,1.0,1.0,-1.0,-1.0,26.8218,75.0073,76.3936,-1.0,0.3232,-1.0,78.7074,148.6508,0.0,0.0,19370.9614,0.0,1.0,-1.0,0.0,1.0,1930.845,1099.3698,1.0,0.0,-1.0,881.2409,1.0,0.6463,1.0,6.1399,1.0,0.0,1.0,16.1577,146.0656,1.0,123.4448,-1.0,-1.0,805.2997,-1.0,-1.0,-1.0,2104.3787,1.0
TCGA-3P-A9WA,116.7147,10.0865,-1.0,-1.0,1.0,1.0,0.0,-1.0,-1.0,0.2402,28.1124,24.3276,-1.0,0.0,0.0,272.0989,1.2008,0.0,0.0,3887.123,0.0,0.0,-2.0,0.0,-1.0,1359.7502,1157.5408,-1.0,0.2402,-1.0,743.2757,-1.0,2.6417,2.0,7.9251,0.0,0.0,0.0,288.1844,488.9529,2.0,57.3967,-1.0,0.0,1769.2123,0.0,-1.0,1.0,1695.245,-1.0
TCGA-57-1582,335.5129,261.1361,1.0,-1.0,2.0,-1.0,1.0,1.0,1.0,20.0245,87.781,121.3486,1.0,0.0,-1.0,8.1978,8.9906,-1.0,-1.0,3144.6424,-1.0,0.0,-1.0,0.4087,0.0,2259.5014,1944.0131,1.0,0.4087,-1.0,476.5018,-1.0,2.452,2.0,0.4087,1.0,0.4087,1.0,6.9473,64.5689,2.0,68.2468,-1.0,1.0,1133.633,0.0,0.0,-1.0,2401.3077,-1.0
TCGA-57-1583,198.4097,124.574,0.0,-1.0,1.0,1.0,-1.0,-1.0,0.0,2.2719,270.106,261.6812,2.0,0.0,1.0,61.4956,297.6145,1.0,1.0,7818.4741,1.0,-1.0,-1.0,1.5146,0.0,1524.4226,1465.7327,1.0,0.0,-1.0,1029.5343,1.0,0.0,0.0,0.7573,0.0,0.0,0.0,11.738,133.2828,0.0,25.7478,2.0,0.0,407.0428,-1.0,1.0,2.0,3595.2291,1.0
TCGA-57-1584,343.7965,775.3892,0.0,-1.0,2.0,-1.0,-1.0,-1.0,-1.0,128.2174,47.0319,53.5731,-1.0,0.0,0.0,110.3669,92.5773,0.0,0.0,8782.7041,0.0,-1.0,-1.0,0.0,0.0,1167.4302,1250.8801,0.0,0.8693,0.0,616.7474,-1.0,0.0,0.0,0.8693,-1.0,0.0,-1.0,71.2802,142.5603,0.0,44.7674,-1.0,0.0,929.6847,0.0,0.0,1.0,2758.195,0.0
TCGA-57-1585,344.9275,835.5731,1.0,-1.0,2.0,-1.0,0.0,-1.0,-1.0,63.2411,106.0685,133.2859,0.0,0.0,0.0,45.8762,4.7431,-1.0,-1.0,6893.7813,-1.0,1.0,1.0,0.2635,1.0,1957.5758,924.1107,1.0,3.4256,0.0,676.1528,-1.0,1.8445,1.0,0.0,1.0,1.8445,1.0,12.9117,69.3017,1.0,71.1462,-1.0,-1.0,709.8814,0.0,1.0,1.0,2853.4914,1.0
TCGA-57-1993,218.0963,1275.9733,-1.0,0.0,1.0,-1.0,1.0,1.0,1.0,11.015,102.9679,103.4261,-1.0,0.0,0.0,79.3782,6.609,1.0,1.0,7812.1817,1.0,2.0,-1.0,0.4406,1.0,3937.1883,1564.5653,1.0,1.3218,0.0,1587.4764,1.0,0.0,1.0,1.7624,1.0,3.9654,1.0,0.4406,17.6239,1.0,51.1094,-1.0,0.0,819.5132,-1.0,-1.0,-1.0,3670.1856,1.0
TCGA-57-1994,116.6514,1560.9259,-1.0,-1.0,1.0,-1.0,0.0,-1.0,0.0,57.1021,38.3155,35.8275,-1.0,0.0,-1.0,140.883,48.9446,1.0,1.0,7267.7027,1.0,1.0,-1.0,1.6315,1.0,4024.4723,1124.5029,1.0,0.0,-1.0,887.1214,1.0,0.4079,1.0,0.8157,1.0,0.4079,1.0,91.3633,241.0523,1.0,57.9178,-1.0,-1.0,1209.3403,1.0,-1.0,1.0,1565.0046,0.0
TCGA-59-2348,202.706,994.8339,-1.0,-1.0,2.0,0.0,-1.0,-1.0,0.0,14.4321,192.6462,111.4949,1.0,0.0,-1.0,62.8913,1.64,1.0,1.0,31969.253,1.0,0.0,-1.0,0.984,1.0,2381.6318,1121.7712,1.0,0.0,-1.0,2096.925,1.0,0.0,1.0,0.328,0.0,0.0,0.0,9.5121,107.2571,1.0,66.9127,1.0,0.0,731.1193,-1.0,1.0,2.0,2101.845,0.0
TCGA-59-2350,240.7839,339.3374,0.0,0.0,0.0,-1.0,-1.0,-1.0,-1.0,109.3794,136.1568,212.2333,1.0,0.0,0.0,17.2767,104.1531,0.0,0.0,2887.8096,0.0,0.0,-1.0,1.8665,1.0,1992.3472,1745.9636,1.0,2.6132,0.0,796.6402,-1.0,0.0,1.0,0.0,-1.0,0.0,-1.0,2.6132,225.105,1.0,106.0196,-1.0,0.0,825.385,-1.0,0.0,0.0,2764.7224,0.0
TCGA-59-2351,237.6282,95.8538,-1.0,-1.0,2.0,1.0,-1.0,0.0,-1.0,17.8333,59.3669,88.3905,1.0,0.0,0.0,44.8729,4.9041,1.0,1.0,10475.8582,1.0,1.0,-1.0,0.0,1.0,3755.2385,1362.9068,1.0,3.1208,-1.0,1925.1003,1.0,0.0,1.0,1.3375,-1.0,0.0,-1.0,13.8208,57.9581,1.0,71.7789,-1.0,-1.0,874.2755,0.0,0.0,1.0,2460.0981,0.0
TCGA-59-2352,167.3152,819.0661,0.0,-1.0,-1.0,-1.0,0.0,0.0,-1.0,20.428,79.7714,110.8463,0.0,0.4864,0.0,120.428,63.716,2.0,2.0,6158.7549,2.0,-1.0,-1.0,3.8911,1.0,1562.7432,1250.9728,1.0,0.0,-1.0,973.249,0.0,0.0,1.0,0.0,-1.0,0.0,-1.0,0.9728,2.4319,1.0,45.2335,-1.0,-1.0,2019.4553,1.0,1.0,1.0,2145.9144,1.0
TCGA-59-2354,330.763,757.9986,0.0,0.0,1.0,0.0,0.0,-1.0,-1.0,88.7046,44.425,91.694,0.0,0.0,0.0,59.2241,11.0254,0.0,0.0,9220.6835,0.0,-1.0,-1.0,1.0023,0.0,2508.7875,970.2382,0.0,4.0092,0.0,1101.2905,0.0,0.2506,0.0,5.0116,-1.0,0.0,-1.0,12.0277,45.104,0.0,120.528,-1.0,1.0,1016.5952,0.0,0.0,0.0,2433.614,0.0
TCGA-59-2355,270.5049,786.4756,0.0,-1.0,2.0,-1.0,-1.0,0.0,1.0,57.0564,48.2558,89.5868,-1.0,0.0,0.0,58.1524,6.5676,0.0,0.0,4245.2975,0.0,-1.0,-1.0,0.0,0.0,1410.4019,973.243,0.0,4.1048,0.0,527.464,0.0,0.0,1.0,21.3448,-1.0,0.0,-1.0,35.7116,48.4364,1.0,61.5717,-1.0,-1.0,857.4882,0.0,0.0,1.0,2120.1181,0.0
TCGA-59-2363,289.3446,625.5016,0.0,-1.0,1.0,-1.0,0.0,-1.0,0.0,78.4663,8.7561,12.2292,0.0,0.0,0.0,84.1373,1.7833,1.0,1.0,6994.329,1.0,-1.0,-1.0,0.4458,-1.0,2814.9799,917.967,-1.0,0.4458,-1.0,1123.9412,1.0,0.0,0.0,0.0,-1.0,0.0,-1.0,5.35,11.1458,0.0,245.6531,-1.0,-1.0,1779.7593,0.0,0.0,0.0,2565.7601,0.0
TCGA-59-A5PD,156.0584,95.7562,-1.0,-1.0,2.0,-1.0,-1.0,-1.0,-1.0,8.1817,13.6968,35.251,-1.0,0.0,-1.0,26.8239,2.7272,-1.0,-1.0,1184.0678,-1.0,1.0,0.0,0.6061,1.0,1703.0058,724.8381,-1.0,46.666,-1.0,779.0797,0.0,0.0,2.0,3.0303,1.0,0.0,1.0,6.9696,39.9994,2.0,54.5447,-1.0,-1.0,1202.4069,-1.0,1.0,1.0,3398.739,1.0
TCGA-5X-AA5U,264.0767,371.8109,0.0,0.0,1.0,-1.0,-1.0,1.0,1.0,72.4861,14.1589,13.5023,-1.0,0.0,-1.0,66.7128,2.5583,-1.0,-1.0,2221.2886,-1.0,1.0,-1.0,0.5685,1.0,3618.6181,1450.8584,1.0,1.9898,0.0,498.8747,1.0,0.0,1.0,0.5685,1.0,0.2843,1.0,0.2843,1.9898,1.0,218.0267,-1.0,-1.0,924.6948,0.0,1.0,0.0,1780.5989,0.0
TCGA-61-1721,372.6444,379.3313,0.0,0.0,0.0,0.0,0.0,0.0,0.0,4.2553,50.1641,92.8146,0.0,0.0,0.0,164.9301,1.8237,0.0,0.0,20877.6231,0.0,0.0,0.0,1.8237,0.0,2544.6809,763.5258,0.0,0.0,0.0,324.6201,0.0,1.8237,0.0,0.0,0.0,0.0,0.0,3.6474,6.6869,0.0,131.9149,0.0,0.0,338.6018,0.0,0.0,0.0,1736.1702,0.0
TCGA-61-1724,200.8477,493.3159,-1.0,-1.0,1.0,-1.0,-1.0,-1.0,-1.0,139.224,235.807,329.8109,0.0,0.0,-1.0,100.7793,5.5429,0.0,0.0,8535.9993,0.0,2.0,0.0,1.9563,2.0,2500.163,810.8901,0.0,0.0,-1.0,698.7284,-1.0,0.0,2.0,0.0,0.0,0.3261,0.0,3.9126,11.0858,2.0,185.5233,0.0,0.0,548.7447,-1.0,0.0,-1.0,2850.4271,0.0
TCGA-61-1725,423.9907,695.7966,0.0,-1.0,2.0,-1.0,-1.0,-1.0,-1.0,158.1658,58.6277,166.2668,-1.0,0.0,0.0,126.8782,0.0,0.0,0.0,7537.5179,0.0,1.0,-1.0,0.0,0.0,544.941,1403.5554,0.0,0.0,-1.0,639.3089,0.0,0.0,1.0,0.6646,-1.0,0.0,-1.0,6.6456,48.513,1.0,132.9124,0.0,0.0,1222.7945,0.0,0.0,0.0,3227.1141,0.0
TCGA-61-1728,239.7952,303.8142,-1.0,-2.0,1.0,-1.0,-1.0,-1.0,0.0,93.545,67.7829,170.7789,-1.0,0.5519,-1.0,104.282,28.1463,1.0,1.0,6659.9309,1.0,1.0,-1.0,0.0,1.0,2451.4856,1044.9996,1.0,0.0,-1.0,987.6032,0.0,0.2759,1.0,19.868,1.0,0.8278,1.0,11.5896,26.4906,1.0,49.394,-1.0,0.0,878.3294,-1.0,1.0,2.0,2341.1081,-1.0
TCGA-61-1733,379.7893,273.4674,-1.0,-1.0,-1.0,-1.0,-1.0,-1.0,-1.0,178.1609,62.7874,115.3879,-1.0,0.0,1.0,280.2538,13.41,1.0,1.0,2055.4741,1.0,1.0,-1.0,0.0,1.0,6397.0307,1223.1801,1.0,0.0,1.0,692.0498,1.0,1.9157,1.0,0.4789,1.0,0.0,1.0,84.7701,112.5479,1.0,45.0192,-1.0,-1.0,828.0651,-1.0,1.0,-1.0,1987.5479,1.0
TCGA-61-1736,297.791,416.3127,0.0,0.0,2.0,-1.0,-1.0,2.0,0.0,106.2022,27.6253,41.9116,0.0,0.0,0.0,67.7952,435.8539,0.0,0.0,11978.5089,0.0,0.0,-1.0,0.4248,1.0,4598.9805,1122.7698,0.0,0.0,0.0,656.7545,0.0,0.8496,1.0,0.0,0.0,0.0,0.0,8.4962,23.3645,1.0,31.4359,-1.0,0.0,774.0017,0.0,0.0,0.0,2276.5506,0.0
TCGA-61-1737,316.9367,1146.6863,0.0,-1.0,2.0,-1.0,-1.0,1.0,-1.0,65.6848,103.5493,178.9485,0.0,0.0,-1.0,58.701,103.0928,0.0,0.0,5480.9161,0.0,1.0,-1.0,0.8837,1.0,1159.0574,746.0972,-1.0,0.0,0.0,600.5891,0.0,2.3564,1.0,0.0,1.0,0.0,1.0,75.6996,66.863,1.0,73.6377,-1.0,0.0,679.2342,-1.0,0.0,0.0,2249.19,0.0
TCGA-61-1738,307.3463,1354.8226,0.0,0.0,1.0,1.0,-1.0,-1.0,-1.0,134.9325,69.8601,200.8796,-1.0,0.0,-1.0,36.1369,136.4318,2.0,2.0,1932.3788,2.0,1.0,-1.0,0.0,0.0,1103.948,799.1004,-1.0,0.0,0.0,646.6767,-1.0,1.999,0.0,0.4998,1.0,2.4988,1.0,23.4883,13.4933,0.0,69.4653,0.0,0.0,922.039,-1.0,0.0,2.0,2631.1844,0.0
TCGA-61-1740,309.3363,355.0928,0.0,-1.0,2.0,-1.0,-1.0,0.0,-1.0,60.0041,168.691,127.0388,1.0,0.274,1.0,111.7994,37.2628,1.0,1.0,9022.2508,1.0,-1.0,-1.0,0.0,1.0,2320.9809,1105.8292,1.0,0.0,-1.0,1292.6913,1.0,0.274,1.0,0.0,-1.0,0.0,-1.0,0.822,32.605,1.0,62.744,-1.0,1.0,978.6972,1.0,0.0,2.0,1663.6756,-1.0
TCGA-61-1741,226.0699,1081.9993,-1.0,-1.0,1.0,-1.0,1.0,1.0,0.0,215.1802,18.7738,27.0064,-1.0,0.0,-1.0,84.8612,38.7673,1.0,1.0,4617.3059,1.0,1.0,-1.0,1.7423,-1.0,3082.2171,1418.2729,1.0,68.3872,0.0,721.3329,1.0,0.0,-1.0,1.7423,1.0,0.4356,1.0,3.0491,21.3438,-1.0,241.7511,-1.0,-1.0,796.6895,-1.0,1.0,-1.0,2098.225,1.0
TCGA-61-1743,146.6017,135.3599,1.0,-1.0,2.0,-1.0,1.0,-1.0,-1.0,26.1543,43.345,68.07,-1.0,0.0,-1.0,81.7138,20.8775,1.0,1.0,16265.4041,1.0,0.0,0.0,0.0,-1.0,2218.9848,1432.0619,1.0,0.0,-1.0,1171.6662,1.0,0.0,-1.0,0.0,0.0,0.0,0.0,47.7201,105.7643,-1.0,172.756,1.0,-1.0,1082.191,-1.0,-1.0,2.0,2731.9759,1.0
TCGA-61-1900,306.724,427.3872,0.0,-1.0,1.0,-1.0,-1.0,1.0,1.0,50.9671,76.0792,148.4464,0.0,0.0,0.0,124.1019,184.8327,1.0,1.0,2494.5656,1.0,0.0,-1.0,1.2281,1.0,1455.634,1293.8287,0.0,17.8078,0.0,662.88,0.0,9.2109,2.0,0.0,0.0,0.0,0.0,22.7203,4.2984,2.0,124.9616,-1.0,0.0,1920.1719,1.0,1.0,0.0,2301.8115,0.0
TCGA-61-1907,254.8823,604.4996,1.0,-1.0,2.0,-2.0,0.0,0.0,-1.0,90.2238,67.4141,310.1218,0.0,0.0,1.0,72.1058,2.2556,1.0,1.0,7146.3642,1.0,1.0,-1.0,0.0,1.0,605.0635,1564.2556,1.0,10.1502,-1.0,560.5155,1.0,0.0,1.0,0.5639,0.0,0.5639,0.0,5.0751,23.6838,1.0,8.4585,-1.0,-1.0,1796.5819,1.0,1.0,1.0,1433.9949,-1.0
TCGA-61-1910,322.0503,142.1663,0.0,0.0,2.0,-1.0,-1.0,0.0,0.0,7.7369,21.9149,26.4023,0.0,0.9671,0.0,40.0677,0.0,-1.0,-1.0,4219.1199,-1.0,0.0,-1.0,0.0,0.0,1436.1702,1529.9807,0.0,0.0,0.0,958.4139,2.0,0.0,0.0,0.0,0.0,0.0,0.0,18.3752,232.1083,0.0,88.9749,-1.0,-1.0,1177.9497,2.0,-1.0,-1.0,3247.5822,1.0
TCGA-61-1914,487.0329,396.1144,1.0,-1.0,2.0,-1.0,-1.0,-1.0,-1.0,191.6545,56.4975,68.7224,1.0,0.0,-1.0,38.1431,54.6365,0.0,0.0,4212.4035,0.0,1.0,-2.0,0.8537,1.0,794.7899,734.1776,0.0,0.0,0.0,655.2108,0.0,2.9879,1.0,0.4268,1.0,0.0,1.0,121.2247,234.3392,1.0,88.7843,-1.0,-1.0,1867.8843,-1.0,0.0,0.0,1747.9402,-1.0
TCGA-61-1917,403.3173,515.0589,0.0,-2.0,1.0,2.0,0.0,0.0,0.0,106.9402,27.8219,141.6849,-1.0,0.4365,-1.0,192.8066,1.746,2.0,2.0,4580.2182,2.0,-1.0,-1.0,0.0,1.0,3075.0764,2391.9686,1.0,0.0,0.0,490.179,-1.0,0.0,1.0,1.746,-1.0,0.873,-1.0,26.1894,62.4182,1.0,72.021,-1.0,-1.0,795.2859,0.0,0.0,2.0,2982.9769,2.0
TCGA-61-1918,289.4516,95.3657,-1.0,-2.0,2.0,1.0,-1.0,-1.0,-1.0,105.9086,72.1472,167.8771,1.0,0.0,1.0,84.3723,0.0,0.0,0.0,5168.4067,0.0,-1.0,-1.0,0.0,1.0,2893.5571,953.6566,0.0,0.9584,0.0,878.8976,0.0,1.9169,1.0,0.0,1.0,0.4792,1.0,11.0222,201.2743,1.0,62.7784,-1.0,-1.0,782.0943,-1.0,1.0,1.0,2837.0086,0.0
TCGA-61-1919,350.7944,801.2827,-1.0,-1.0,2.0,-1.0,-1.0,-1.0,-1.0,18.6593,59.4964,189.3543,-1.0,0.0,-1.0,52.7205,7.9968,1.0,1.0,5960.365,1.0,-1.0,-2.0,1.5994,1.0,2153.2806,916.4371,-1.0,23.4574,-1.0,430.7628,-1.0,0.5331,1.0,2.6656,-1.0,0.0,-1.0,169.5329,290.5516,1.0,84.2333,1.0,-1.0,886.0491,-1.0,1.0,1.0,3192.3358,2.0
TCGA-61-1995,343.9568,242.7762,0.0,0.0,0.0,-1.0,-1.0,0.0,-1.0,104.0469,55.3398,65.0279,0.0,0.0,0.0,55.3197,287.4906,0.0,0.0,8756.5674,0.0,0.0,-1.0,3.1529,0.0,7984.9576,1321.9407,0.0,0.0,0.0,1162.0008,0.0,3.4396,0.0,0.0,0.0,2.5797,0.0,0.5733,76.2438,0.0,22.3572,-1.0,-1.0,1027.8576,0.0,0.0,0.0,2360.4037,0.0
TCGA-61-1998,190.4762,579.3983,0.0,-1.0,2.0,-1.0,-1.0,0.0,-1.0,54.991,27.9896,71.7274,0.0,0.0,0.0,36.852,2.3909,0.0,0.0,4362.4308,0.0,-1.0,-1.0,0.0,1.0,3293.0863,998.6053,0.0,0.797,-1.0,653.5166,0.0,0.0,1.0,9.5637,0.0,1.5939,0.0,4.7818,51.8031,1.0,55.788,0.0,-1.0,959.5537,0.0,0.0,0.0,2202.0323,0.0
TCGA-61-2000,305.5062,1107.016,-1.0,0.0,2.0,-1.0,-1.0,0.0,0.0,37.3002,30.1599,120.7416,-1.0,0.0,0.0,132.2957,0.0,1.0,0.0,3600.3863,0.0,0.0,-1.0,0.0,2.0,3794.405,1068.8277,0.0,0.8881,0.0,629.6625,0.0,0.0,1.0,7.1048,1.0,0.0,1.0,14.6536,45.2931,1.0,29.3073,1.0,0.0,503.1083,-1.0,2.0,0.0,2513.3215,0.0
TCGA-61-2002,298.1104,662.3721,0.0,-1.0,1.0,0.0,-1.0,-1.0,-1.0,22.3368,16.3345,54.4102,-1.0,0.0,0.0,108.7,8.5911,1.0,1.0,6058.5482,1.0,0.0,-1.0,2.5773,1.0,1828.1813,1211.9147,0.0,0.0,0.0,833.3345,0.0,2.291,0.0,28.3506,0.0,0.0,0.0,90.2063,205.3268,0.0,86.4835,0.0,-1.0,972.2236,0.0,0.0,2.0,1343.3582,-1.0
TCGA-61-2003,335.5824,1294.0341,1.0,-1.0,1.0,-1.0,-1.0,-1.0,1.0,29.1193,53.7749,84.2756,1.0,0.0,1.0,86.6122,1.4205,0.0,0.0,10958.4872,0.0,1.0,-1.0,1.7756,1.0,2955.9659,649.858,0.0,1.0653,0.0,614.3466,0.0,0.0,1.0,0.3551,0.0,0.0,0.0,5.6818,23.0824,1.0,49.3608,-1.0,-1.0,513.4943,-1.0,1.0,-1.0,2282.6705,1.0
TCGA-61-2008,261.9233,643.9133,-1.0,-1.0,2.0,-2.0,-1.0,1.0,-2.0,63.1462,79.9911,161.1518,0.0,0.0,1.0,47.284,0.0,-1.0,-1.0,9388.1801,-1.0,0.0,-1.0,0.8894,1.0,1332.2957,519.8444,-2.0,0.0,1.0,652.3624,-1.0,0.0,1.0,0.0,1.0,0.0,1.0,1.3341,3.1128,1.0,74.7082,0.0,1.0,582.9906,-1.0,0.0,1.0,2065.1473,-1.0
TCGA-61-2008,175.2255,165.554,-1.0,-1.0,2.0,-2.0,-1.0,1.0,-2.0,120.0408,20.3045,56.3566,0.0,0.0,1.0,100.6181,1.1378,-1.0,-1.0,5465.0673,-1.0,0.0,-1.0,11.3783,1.0,2267.6911,881.8167,-2.0,0.0,1.0,611.0136,-1.0,0.0,1.0,0.5689,1.0,0.0,1.0,13.085,8.5337,1.0,105.818,0.0,1.0,816.9605,-1.0,0.0,1.0,1385.3055,-1.0
TCGA-61-2009,393.4126,704.4831,0.0,1.0,1.0,0.0,0.0,0.0,1.0,8.6917,45.2379,160.1098,0.0,0.0,0.0,44.4328,5.032,1.0,1.0,5074.9634,1.0,-1.0,-1.0,0.0,2.0,1732.3879,1022.4154,1.0,60.3843,1.0,704.0256,1.0,1.3724,2.0,1.3724,-1.0,0.0,-1.0,6.4044,5.9469,2.0,81.8847,-1.0,-1.0,1582.7996,1.0,1.0,0.0,1681.1528,0.0
TCGA-61-2012,240.4845,246.4224,0.0,-1.0,0.0,-1.0,-1.0,-1.0,-1.0,76.2029,138.2341,220.4936,1.0,0.0,-1.0,425.9941,6.4327,2.0,2.0,10690.2302,2.0,1.0,-1.0,0.0,1.0,4249.5497,1522.0791,1.0,0.4948,-1.0,1423.609,0.0,0.4948,1.0,29.6894,1.0,0.9896,1.0,5.4431,13.8551,1.0,22.2671,-1.0,-1.0,1009.9361,-1.0,0.0,2.0,3749.7773,1.0
TCGA-61-2016,443.8955,1330.4514,-1.0,0.0,2.0,0.0,0.0,-1.0,-1.0,164.2685,25.9717,39.5776,-1.0,0.0,0.0,58.5833,0.247,-1.0,-1.0,7724.2858,-1.0,0.0,-1.0,0.247,2.0,2607.0524,627.4316,-1.0,0.0,0.0,821.0955,0.0,0.7411,2.0,13.8331,0.0,0.7411,0.0,157.3519,241.5859,2.0,21.2437,-1.0,-1.0,825.0479,-1.0,2.0,0.0,1964.3056,-1.0
TCGA-61-2088,129.7353,197.1977,0.0,-1.0,1.0,-1.0,1.0,-1.0,-1.0,38.4017,132.2885,139.8443,-1.0,0.0,-1.0,80.7213,4.1515,0.0,0.0,2341.178,0.0,1.0,-1.0,1.5568,0.0,2287.4935,3052.932,1.0,1.5568,-1.0,581.7333,0.0,0.0,0.0,0.0,1.0,0.5189,1.0,1.0379,14.5304,0.0,143.2278,0.0,1.0,547.4831,0.0,1.0,0.0,3242.8646,1.0
TCGA-61-2092,556.7867,682.8255,0.0,0.0,-2.0,0.0,0.0,0.0,0.0,147.2761,1.6159,9.2336,0.0,62.3269,0.0,18.9658,1322.7147,2.0,0.0,1631.0803,0.0,-1.0,0.0,0.0,0.0,1039.7045,1501.8467,0.0,0.0,0.0,1493.5365,0.0,0.0,0.0,0.0,-1.0,0.0,-1.0,0.0,0.4617,0.0,153.2779,-1.0,0.0,886.4266,-1.0,0.0,-1.0,2311.6343,-1.0
TCGA-61-2094,402.6311,807.3882,-1.0,-1.0,0.0,-1.0,0.0,0.0,-1.0,95.1432,76.9145,107.0148,-1.0,0.0,-1.0,47.8958,35.878,0.0,0.0,12316.8374,0.0,0.0,0.0,2.6576,0.0,2903.7273,1706.1989,2.0,0.0,-1.0,1031.6922,2.0,0.5315,2.0,3.7207,0.0,1.8603,0.0,62.7201,114.8096,2.0,19.9322,-1.0,-1.0,788.7848,-1.0,0.0,2.0,1468.8725,-1.0
TCGA-61-2095,318.455,1291.9811,0.0,0.0,0.0,0.0,0.0,0.0,0.0,39.1354,58.9871,92.1192,0.0,0.5116,0.0,53.2702,1.2789,0.0,0.0,5494.7538,0.0,0.0,0.0,7.6736,0.0,2978.1302,836.6799,0.0,0.2558,0.0,954.0862,0.0,0.2558,0.0,0.0,0.0,0.0,0.0,24.8114,27.3692,0.0,187.7478,0.0,0.0,741.527,0.0,0.0,0.0,1312.444,0.0
TCGA-61-2097,161.8996,763.4467,0.0,-1.0,2.0,-1.0,-1.0,0.0,-1.0,19.428,30.3652,36.5749,-1.0,0.0,0.0,46.2673,21.5866,1.0,1.0,9356.1432,1.0,-1.0,-1.0,0.7196,1.0,1921.2089,1146.2493,1.0,0.0,-1.0,1127.5409,1.0,0.0,1.0,0.0,-1.0,0.0,-1.0,18.7084,15.8302,1.0,139.5935,-1.0,-1.0,1005.9363,1.0,1.0,1.0,2403.3099,1.0
TCGA-61-2098,281.759,1028.0851,0.0,0.0,0.0,-1.0,0.0,1.0,1.0,55.066,82.7975,156.7257,0.0,0.559,1.0,66.3559,120.4744,0.0,0.0,2427.8265,0.0,-1.0,1.0,0.0,1.0,2889.7073,1368.8234,1.0,77.4278,0.0,1117.2528,1.0,1.1181,1.0,0.2795,1.0,0.0,1.0,13.1376,193.1503,1.0,212.4374,-1.0,-1.0,943.1101,-1.0,1.0,1.0,2416.7546,1.0
TCGA-61-2101,208.2346,1135.0711,1.0,-1.0,1.0,0.0,-1.0,-1.0,0.0,23.6967,63.7944,162.731,0.0,0.0,1.0,37.0972,4.7393,0.0,0.0,3656.6232,0.0,-1.0,-1.0,0.2962,0.0,2128.2583,789.6919,0.0,0.5924,0.0,1070.7938,0.0,0.8886,0.0,0.5924,-1.0,0.0,-1.0,72.8673,173.282,0.0,63.0924,-1.0,-1.0,767.7725,-1.0,1.0,0.0,3132.109,1.0
TCGA-61-2102,511.0012,1251.7131,1.0,-1.0,1.0,2.0,1.0,0.0,-1.0,31.7876,30.3602,63.7012,-1.0,0.0,1.0,146.613,1.7993,-1.0,-1.0,10264.1373,-1.0,1.0,-1.0,1.1995,1.0,2528.6164,1915.6548,1.0,0.0,0.0,545.7877,1.0,0.5998,1.0,1.1995,1.0,16.7935,1.0,2.3991,15.5939,1.0,202.7211,-1.0,-1.0,943.433,-1.0,1.0,-1.0,3578.2081,1.0
TCGA-61-2104,119.9219,747.206,-1.0,-1.0,2.0,-1.0,-1.0,-1.0,-1.0,78.7653,71.1797,99.1485,0.0,0.0,0.0,45.8648,4.6124,-1.0,-1.0,7220.7664,-1.0,1.0,-1.0,1.0644,1.0,2775.5899,730.1756,-1.0,0.0,-1.0,875.6431,0.0,1.4192,1.0,0.0,0.0,0.0,0.0,17.0303,33.3511,1.0,3.548,-1.0,0.0,827.0357,-1.0,1.0,1.0,2494.2345,0.0
TCGA-61-2109,311.3527,572.1642,0.0,-1.0,1.0,-1.0,0.0,-1.0,0.0,47.2035,26.0239,38.3684,1.0,0.0,0.0,64.4638,0.4768,0.0,0.0,7200.1144,0.0,2.0,-1.0,6.1984,2.0,2564.2493,1200.5912,0.0,5.2448,0.0,626.043,-1.0,0.0,2.0,0.0,0.0,0.4768,0.0,162.59,446.2881,2.0,27.6546,-1.0,-1.0,1308.3488,2.0,0.0,2.0,2331.5692,-1.0
TCGA-61-2110,214.3878,141.496,0.0,0.0,-1.0,0.0,-1.0,-1.0,-1.0,59.5522,77.2415,140.3668,0.0,1.9057,0.0,28.5565,17.151,2.0,2.0,1819.9428,2.0,0.0,-1.0,5.2406,0.0,3978.0848,1473.0824,0.0,0.0,0.0,1203.9066,0.0,0.0,0.0,0.0,0.0,0.0,0.0,5.2406,361.6008,0.0,11.9104,-1.0,-1.0,559.7904,-1.0,0.0,0.0,2547.4035,0.0
TCGA-61-2111,239.5677,1870.3092,1.0,-1.0,0.0,-1.0,1.0,0.0,-1.0,52.837,61.489,94.7103,0.0,0.0,1.0,100.6605,15.6109,0.0,0.0,6179.7358,0.0,0.0,-2.0,0.6004,2.0,2726.5086,969.0784,0.0,0.6004,0.0,717.5023,1.0,0.0,2.0,0.6004,0.0,25.2177,0.0,12.0084,5.4038,2.0,138.6971,-1.0,-1.0,786.5506,-1.0,2.0,-1.0,1909.937,0.0
TCGA-61-2113,261.0291,2215.4276,-1.0,-1.0,2.0,-1.0,-1.0,-1.0,-1.0,49.2706,106.1623,70.4394,1.0,0.0,-1.0,23.5625,2.4461,1.0,1.0,5365.7972,1.0,0.0,-1.0,0.3494,1.0,3578.5795,896.6541,0.0,0.3494,0.0,618.5027,0.0,0.0,1.0,0.6989,0.0,0.0,0.0,34.5942,37.7391,1.0,65.3446,-1.0,-1.0,1259.3693,-1.0,1.0,-1.0,2424.3907,1.0
TCGA-OY-A56P,226.8219,514.5571,0.0,0.0,1.0,-1.0,-1.0,0.0,-1.0,35.7999,47.8864,43.1736,-1.0,0.0,-1.0,84.2153,98.3162,1.0,1.0,8773.5936,1.0,1.0,-1.0,13.3582,1.0,4320.5696,1095.1036,0.0,0.2672,0.0,1402.6089,1.0,0.0,1.0,0.0,1.0,0.0,1.0,5.6104,9.3507,1.0,51.0282,-1.0,-1.0,633.1777,-1.0,1.0,-1.0,2737.8925,1.0
TCGA-OY-A56Q,169.9434,376.8744,0.0,-1.0,1.0,1.0,0.0,0.0,-1.0,25.3249,25.3482,33.6854,-1.0,0.0,1.0,582.3492,269.5768,1.0,1.0,10006.7877,1.0,0.0,-1.0,1.6661,1.0,1745.7514,1285.9047,0.0,56.3146,-1.0,630.4565,0.0,0.3332,1.0,1.3329,0.0,0.0,0.0,8.6638,37.6541,1.0,106.6311,-1.0,-1.0,644.7851,-1.0,1.0,-1.0,3667.7774,1.0
TCGA-VG-A8LO,291.8109,168.7737,0.0,-1.0,2.0,-1.0,0.0,1.0,0.0,34.1412,17.9853,27.9604,0.0,0.0,0.0,59.8084,4.5092,0.0,0.0,1888.1746,0.0,0.0,-1.0,0.3221,1.0,1927.0473,1260.0048,0.0,0.3221,0.0,1211.6918,0.0,0.3221,1.0,11.9172,1.0,0.6442,1.0,19.6473,18.359,1.0,15.4602,-1.0,0.0,1047.4273,0.0,0.0,2.0,2883.646,0.0
TCGA-WR-A838,202.9988,186.8512,-1.0,-1.0,-1.0,-1.0,1.0,-1.0,1.0,80.3537,42.945,16.2092,0.0,0.0,1.0,143.491,224.529,2.0,2.0,4205.6055,2.0,0.0,-1.0,1.5379,0.0,2165.321,1952.326,1.0,144.1753,-1.0,1178.0085,0.0,0.0,0.0,1.5379,0.0,0.0,0.0,0.0,1.9223,0.0,142.6374,0.0,-1.0,1128.7966,1.0,1.0,-1.0,2525.1826,0.0
